a,b
aa,ab
aa,bb
Aix,Aia
Aix,Aaa
Aix,aaa
Sora,Sorb
Sora,Sobb
Sora,Sbbb
Sora,bbbb
Larus,Larub
Larus,Larbb
Larus,Labbb
Larus,Lbbbb
Larus,bbbbb
Loxops,Loxopa
Loxops,Loxoaa
Loxops,Loxaaa
Loxops,Loaaaa
Loxops,Laaaaa
Loxops,aaaaaa
Icterus,Icterua
Icterus,Icteraa
Icterus,Icteaaa
Icterus,Ictaaaa
Icterus,Icaaaaa
Icterus,Iaaaaaa
Icterus,aaaaaaa
rubripes,rubripea
rubripes,rubripaa
rubripes,rubriaaa
rubripes,rubraaaa
rubripes,rubaaaaa
rubripes,ruaaaaaa
rubripes,raaaaaaa
rubripes,aaaaaaaa
coccineus ,coccineusa
coccineus ,coccineuaa
coccineus ,coccineaaa
coccineus ,coccinaaaa
coccineus ,cocciaaaaa
coccineus ,coccaaaaaa
coccineus ,cocaaaaaaa
coccineus ,coaaaaaaaa
coccineus ,caaaaaaaaa
coccineus ,aaaaaaaaaa
sparverius,sparveriub
sparverius,sparveribb
sparverius,sparverbbb
sparverius,sparvebbbb
sparverius,sparvbbbbb
sparverius,sparbbbbbb
sparverius,spabbbbbbb
sparverius,spbbbbbbbb
sparverius,sbbbbbbbbb
sparverius,bbbbbbbbbb
cinerascens ,cinerascensb
cinerascens ,cinerascenbb
cinerascens ,cinerascebbb
cinerascens ,cinerascbbbb
cinerascens ,cinerasbbbbb
cinerascens ,cinerabbbbbb
cinerascens ,cinerbbbbbbb
cinerascens ,cinebbbbbbbb
cinerascens ,cinbbbbbbbbb
cinerascens ,cibbbbbbbbbb
cinerascens ,cbbbbbbbbbbb
cinerascens ,bbbbbbbbbbbb
Phylloscopus,Phylloscopua
Phylloscopus,Phylloscopaa
Phylloscopus,Phylloscoaaa
Phylloscopus,Phylloscaaaa
Phylloscopus,Phyllosaaaaa
Phylloscopus,Phylloaaaaaa
Phylloscopus,Phyllaaaaaaa
Phylloscopus,Phylaaaaaaaa
Phylloscopus,Phyaaaaaaaaa
Phylloscopus,Phaaaaaaaaaa
Phylloscopus,Paaaaaaaaaaa
Phylloscopus,aaaaaaaaaaaa
Gavia arctica,Gavia arcticb
Gavia arctica,Gavia arctibb
Gavia arctica,Gavia arctbbb
Gavia arctica,Gavia arcbbbb
Gavia arctica,Gavia arbbbbb
Gavia arctica,Gavia abbbbbb
Gavia arctica,Gavia bbbbbbb
Gavia arctica,Gaviabbbbbbbb
Gavia arctica,Gavibbbbbbbbb
Gavia arctica,Gavbbbbbbbbbb
Gavia arctica,Gabbbbbbbbbbb
Gavia arctica,Gbbbbbbbbbbbb
Gavia arctica,bbbbbbbbbbbbb
Larus belcheri,Larus belcherd
Larus belcheri,Larus belchedd
Larus belcheri,Larus belchddd
Larus belcheri,Larus belcdddd
Larus belcheri,Larus belddddd
Larus belcheri,Larus bedddddd
Larus belcheri,Larus bddddddd
Larus belcheri,Larus dddddddd
Larus belcheri,Larusddddddddd
Larus belcheri,Larudddddddddd
Larus belcheri,Larddddddddddd
Larus belcheri,Ladddddddddddd
Larus belcheri,Lddddddddddddd
Larus belcheri,dddddddddddddd
Riparia riparia,Riparia riparib
Riparia riparia,Riparia riparbb
Riparia riparia,Riparia ripabbb
Riparia riparia,Riparia ripbbbb
Riparia riparia,Riparia ribbbbb
Riparia riparia,Riparia rbbbbbb
Riparia riparia,Riparia bbbbbbb
Riparia riparia,Ripariabbbbbbbb
Riparia riparia,Riparibbbbbbbbb
Riparia riparia,Riparbbbbbbbbbb
Riparia riparia,Ripabbbbbbbbbbb
Riparia riparia,Ripbbbbbbbbbbbb
Riparia riparia,Ribbbbbbbbbbbbb
Riparia riparia,Rbbbbbbbbbbbbbb
Riparia riparia,bbbbbbbbbbbbbbb
Mimus gundlachii,Mimus gundlachib
Mimus gundlachii,Mimus gundlachbb
Mimus gundlachii,Mimus gundlacbbb
Mimus gundlachii,Mimus gundlabbbb
Mimus gundlachii,Mimus gundlbbbbb
Mimus gundlachii,Mimus gundbbbbbb
Mimus gundlachii,Mimus gunbbbbbbb
Mimus gundlachii,Mimus gubbbbbbbb
Mimus gundlachii,Mimus gbbbbbbbbb
Mimus gundlachii,Mimus bbbbbbbbbb
Mimus gundlachii,Mimusbbbbbbbbbbb
Mimus gundlachii,Mimubbbbbbbbbbbb
Mimus gundlachii,Mimbbbbbbbbbbbbb
Mimus gundlachii,Mibbbbbbbbbbbbbb
Mimus gundlachii,Mbbbbbbbbbbbbbbb
Mimus gundlachii,bbbbbbbbbbbbbbbb
Limosa lapponicia,Limosa lapponicib
Limosa lapponicia,Limosa lapponicbb
Limosa lapponicia,Limosa lapponibbb
Limosa lapponicia,Limosa lapponbbbb
Limosa lapponicia,Limosa lappobbbbb
Limosa lapponicia,Limosa lappbbbbbb
Limosa lapponicia,Limosa lapbbbbbbb
Limosa lapponicia,Limosa labbbbbbbb
Limosa lapponicia,Limosa lbbbbbbbbb
Limosa lapponicia,Limosa bbbbbbbbbb
Limosa lapponicia,Limosabbbbbbbbbbb
Limosa lapponicia,Limosbbbbbbbbbbbb
Limosa lapponicia,Limobbbbbbbbbbbbb
Limosa lapponicia,Limbbbbbbbbbbbbbb
Limosa lapponicia,Libbbbbbbbbbbbbbb
Limosa lapponicia,Lbbbbbbbbbbbbbbbb
Limosa lapponicia,bbbbbbbbbbbbbbbbb
Ammodramus bairdii,Ammodramus bairdic
Ammodramus bairdii,Ammodramus bairdcc
Ammodramus bairdii,Ammodramus bairccc
Ammodramus bairdii,Ammodramus baicccc
Ammodramus bairdii,Ammodramus baccccc
Ammodramus bairdii,Ammodramus bcccccc
Ammodramus bairdii,Ammodramus ccccccc
Ammodramus bairdii,Ammodramuscccccccc
Ammodramus bairdii,Ammodramuccccccccc
Ammodramus bairdii,Ammodramcccccccccc
Ammodramus bairdii,Ammodraccccccccccc
Ammodramus bairdii,Ammodrcccccccccccc
Ammodramus bairdii,Ammodccccccccccccc
Ammodramus bairdii,Ammocccccccccccccc
Ammodramus bairdii,Ammccccccccccccccc
Ammodramus bairdii,Amcccccccccccccccc
Ammodramus bairdii,Accccccccccccccccc
Ammodramus bairdii,cccccccccccccccccc
Aimophila aestvalis,Aimophila aestvalib
Aimophila aestvalis,Aimophila aestvalbb
Aimophila aestvalis,Aimophila aestvabbb
Aimophila aestvalis,Aimophila aestvbbbb
Aimophila aestvalis,Aimophila aestbbbbb
Aimophila aestvalis,Aimophila aesbbbbbb
Aimophila aestvalis,Aimophila aebbbbbbb
Aimophila aestvalis,Aimophila abbbbbbbb
Aimophila aestvalis,Aimophila bbbbbbbbb
Aimophila aestvalis,Aimophilabbbbbbbbbb
Aimophila aestvalis,Aimophilbbbbbbbbbbb
Aimophila aestvalis,Aimophibbbbbbbbbbbb
Aimophila aestvalis,Aimophbbbbbbbbbbbbb
Aimophila aestvalis,Aimopbbbbbbbbbbbbbb
Aimophila aestvalis,Aimobbbbbbbbbbbbbbb
Aimophila aestvalis,Aimbbbbbbbbbbbbbbbb
Aimophila aestvalis,Aibbbbbbbbbbbbbbbbb
Aimophila aestvalis,Abbbbbbbbbbbbbbbbbb
Aimophila aestvalis,bbbbbbbbbbbbbbbbbbb
Puffinus lherminieri,Puffinus lherminiera
Puffinus lherminieri,Puffinus lherminieaa
Puffinus lherminieri,Puffinus lherminiaaa
Puffinus lherminieri,Puffinus lherminaaaa
Puffinus lherminieri,Puffinus lhermiaaaaa
Puffinus lherminieri,Puffinus lhermaaaaaa
Puffinus lherminieri,Puffinus lheraaaaaaa
Puffinus lherminieri,Puffinus lheaaaaaaaa
Puffinus lherminieri,Puffinus lhaaaaaaaaa
Puffinus lherminieri,Puffinus laaaaaaaaaa
Puffinus lherminieri,Puffinus aaaaaaaaaaa
Puffinus lherminieri,Puffinusaaaaaaaaaaaa
Puffinus lherminieri,Puffinuaaaaaaaaaaaaa
Puffinus lherminieri,Puffinaaaaaaaaaaaaaa
Puffinus lherminieri,Puffiaaaaaaaaaaaaaaa
Puffinus lherminieri,Puffaaaaaaaaaaaaaaaa
Puffinus lherminieri,Pufaaaaaaaaaaaaaaaaa
Puffinus lherminieri,Puaaaaaaaaaaaaaaaaaa
Puffinus lherminieri,Paaaaaaaaaaaaaaaaaaa
Puffinus lherminieri,aaaaaaaaaaaaaaaaaaaa
Gygis alba White Tern,Gygis alba White Terc
Gygis alba White Tern,Gygis alba White Tecc
Gygis alba White Tern,Gygis alba White Tccc
Gygis alba White Tern,Gygis alba White cccc
Gygis alba White Tern,Gygis alba Whiteccccc
Gygis alba White Tern,Gygis alba Whitcccccc
Gygis alba White Tern,Gygis alba Whiccccccc
Gygis alba White Tern,Gygis alba Whcccccccc
Gygis alba White Tern,Gygis alba Wccccccccc
Gygis alba White Tern,Gygis alba cccccccccc
Gygis alba White Tern,Gygis albaccccccccccc
Gygis alba White Tern,Gygis albcccccccccccc
Gygis alba White Tern,Gygis alccccccccccccc
Gygis alba White Tern,Gygis acccccccccccccc
Gygis alba White Tern,Gygis ccccccccccccccc
Gygis alba White Tern,Gygiscccccccccccccccc
Gygis alba White Tern,Gygiccccccccccccccccc
Gygis alba White Tern,Gygcccccccccccccccccc
Gygis alba White Tern,Gyccccccccccccccccccc
Gygis alba White Tern,Gcccccccccccccccccccc
Gygis alba White Tern,ccccccccccccccccccccc
Artamus leiucorhynchus,Artamus leiucorhynchub
Artamus leiucorhynchus,Artamus leiucorhynchbb
Artamus leiucorhynchus,Artamus leiucorhyncbbb
Artamus leiucorhynchus,Artamus leiucorhynbbbb
Artamus leiucorhynchus,Artamus leiucorhybbbbb
Artamus leiucorhynchus,Artamus leiucorhbbbbbb
Artamus leiucorhynchus,Artamus leiucorbbbbbbb
Artamus leiucorhynchus,Artamus leiucobbbbbbbb
Artamus leiucorhynchus,Artamus leiucbbbbbbbbb
Artamus leiucorhynchus,Artamus leiubbbbbbbbbb
Artamus leiucorhynchus,Artamus leibbbbbbbbbbb
Artamus leiucorhynchus,Artamus lebbbbbbbbbbbb
Artamus leiucorhynchus,Artamus lbbbbbbbbbbbbb
Artamus leiucorhynchus,Artamus bbbbbbbbbbbbbb
Artamus leiucorhynchus,Artamusbbbbbbbbbbbbbbb
Artamus leiucorhynchus,Artamubbbbbbbbbbbbbbbb
Artamus leiucorhynchus,Artambbbbbbbbbbbbbbbbb
Artamus leiucorhynchus,Artabbbbbbbbbbbbbbbbbb
Artamus leiucorhynchus,Artbbbbbbbbbbbbbbbbbbb
Artamus leiucorhynchus,Arbbbbbbbbbbbbbbbbbbbb
Artamus leiucorhynchus,Abbbbbbbbbbbbbbbbbbbbb
Artamus leiucorhynchus,bbbbbbbbbbbbbbbbbbbbbb
Pelecanus conspicilatus,Pelecanus conspicilatub
Pelecanus conspicilatus,Pelecanus conspicilatbb
Pelecanus conspicilatus,Pelecanus conspicilabbb
Pelecanus conspicilatus,Pelecanus conspicilbbbb
Pelecanus conspicilatus,Pelecanus conspicibbbbb
Pelecanus conspicilatus,Pelecanus conspicbbbbbb
Pelecanus conspicilatus,Pelecanus conspibbbbbbb
Pelecanus conspicilatus,Pelecanus conspbbbbbbbb
Pelecanus conspicilatus,Pelecanus consbbbbbbbbb
Pelecanus conspicilatus,Pelecanus conbbbbbbbbbb
Pelecanus conspicilatus,Pelecanus cobbbbbbbbbbb
Pelecanus conspicilatus,Pelecanus cbbbbbbbbbbbb
Pelecanus conspicilatus,Pelecanus bbbbbbbbbbbbb
Pelecanus conspicilatus,Pelecanusbbbbbbbbbbbbbb
Pelecanus conspicilatus,Pelecanubbbbbbbbbbbbbbb
Pelecanus conspicilatus,Pelecanbbbbbbbbbbbbbbbb
Pelecanus conspicilatus,Pelecabbbbbbbbbbbbbbbbb
Pelecanus conspicilatus,Pelecbbbbbbbbbbbbbbbbbb
Pelecanus conspicilatus,Pelebbbbbbbbbbbbbbbbbbb
Pelecanus conspicilatus,Pelbbbbbbbbbbbbbbbbbbbb
Pelecanus conspicilatus,Pebbbbbbbbbbbbbbbbbbbbb
Pelecanus conspicilatus,Pbbbbbbbbbbbbbbbbbbbbbb
Pelecanus conspicilatus,bbbbbbbbbbbbbbbbbbbbbbb
Haliaeetus leucocephalus,Haliaeetus leucocephalub
Haliaeetus leucocephalus,Haliaeetus leucocephalbb
Haliaeetus leucocephalus,Haliaeetus leucocephabbb
Haliaeetus leucocephalus,Haliaeetus leucocephbbbb
Haliaeetus leucocephalus,Haliaeetus leucocepbbbbb
Haliaeetus leucocephalus,Haliaeetus leucocebbbbbb
Haliaeetus leucocephalus,Haliaeetus leucocbbbbbbb
Haliaeetus leucocephalus,Haliaeetus leucobbbbbbbb
Haliaeetus leucocephalus,Haliaeetus leucbbbbbbbbb
Haliaeetus leucocephalus,Haliaeetus leubbbbbbbbbb
Haliaeetus leucocephalus,Haliaeetus lebbbbbbbbbbb
Haliaeetus leucocephalus,Haliaeetus lbbbbbbbbbbbb
Haliaeetus leucocephalus,Haliaeetus bbbbbbbbbbbbb
Haliaeetus leucocephalus,Haliaeetusbbbbbbbbbbbbbb
Haliaeetus leucocephalus,Haliaeetubbbbbbbbbbbbbbb
Haliaeetus leucocephalus,Haliaeetbbbbbbbbbbbbbbbb
Haliaeetus leucocephalus,Haliaeebbbbbbbbbbbbbbbbb
Haliaeetus leucocephalus,Haliaebbbbbbbbbbbbbbbbbb
Haliaeetus leucocephalus,Haliabbbbbbbbbbbbbbbbbbb
Haliaeetus leucocephalus,Halibbbbbbbbbbbbbbbbbbbb
Haliaeetus leucocephalus,Halbbbbbbbbbbbbbbbbbbbbb
Haliaeetus leucocephalus,Habbbbbbbbbbbbbbbbbbbbbb
Haliaeetus leucocephalus,Hbbbbbbbbbbbbbbbbbbbbbbb
Haliaeetus leucocephalus,bbbbbbbbbbbbbbbbbbbbbbbb
Tachycineta cyaneoviridis,Tachycineta cyaneoviridib
Tachycineta cyaneoviridis,Tachycineta cyaneoviridbb
Tachycineta cyaneoviridis,Tachycineta cyaneoviribbb
Tachycineta cyaneoviridis,Tachycineta cyaneovirbbbb
Tachycineta cyaneoviridis,Tachycineta cyaneovibbbbb
Tachycineta cyaneoviridis,Tachycineta cyaneovbbbbbb
Tachycineta cyaneoviridis,Tachycineta cyaneobbbbbbb
Tachycineta cyaneoviridis,Tachycineta cyanebbbbbbbb
Tachycineta cyaneoviridis,Tachycineta cyanbbbbbbbbb
Tachycineta cyaneoviridis,Tachycineta cyabbbbbbbbbb
Tachycineta cyaneoviridis,Tachycineta cybbbbbbbbbbb
Tachycineta cyaneoviridis,Tachycineta cbbbbbbbbbbbb
Tachycineta cyaneoviridis,Tachycineta bbbbbbbbbbbbb
Tachycineta cyaneoviridis,Tachycinetabbbbbbbbbbbbbb
Tachycineta cyaneoviridis,Tachycinetbbbbbbbbbbbbbbb
Tachycineta cyaneoviridis,Tachycinebbbbbbbbbbbbbbbb
Tachycineta cyaneoviridis,Tachycinbbbbbbbbbbbbbbbbb
Tachycineta cyaneoviridis,Tachycibbbbbbbbbbbbbbbbbb
Tachycineta cyaneoviridis,Tachycbbbbbbbbbbbbbbbbbbb
Tachycineta cyaneoviridis,Tachybbbbbbbbbbbbbbbbbbbb
Tachycineta cyaneoviridis,Tachbbbbbbbbbbbbbbbbbbbbb
Tachycineta cyaneoviridis,Tacbbbbbbbbbbbbbbbbbbbbbb
Tachycineta cyaneoviridis,Tabbbbbbbbbbbbbbbbbbbbbbb
Tachycineta cyaneoviridis,Tbbbbbbbbbbbbbbbbbbbbbbbb
Tachycineta cyaneoviridis,bbbbbbbbbbbbbbbbbbbbbbbbb
Meleagris gallopavo Turkey,Meleagris gallopavo Turkeb
Meleagris gallopavo Turkey,Meleagris gallopavo Turkbb
Meleagris gallopavo Turkey,Meleagris gallopavo Turbbb
Meleagris gallopavo Turkey,Meleagris gallopavo Tubbbb
Meleagris gallopavo Turkey,Meleagris gallopavo Tbbbbb
Meleagris gallopavo Turkey,Meleagris gallopavo bbbbbb
Meleagris gallopavo Turkey,Meleagris gallopavobbbbbbb
Meleagris gallopavo Turkey,Meleagris gallopavbbbbbbbb
Meleagris gallopavo Turkey,Meleagris gallopabbbbbbbbb
Meleagris gallopavo Turkey,Meleagris gallopbbbbbbbbbb
Meleagris gallopavo Turkey,Meleagris gallobbbbbbbbbbb
Meleagris gallopavo Turkey,Meleagris gallbbbbbbbbbbbb
Meleagris gallopavo Turkey,Meleagris galbbbbbbbbbbbbb
Meleagris gallopavo Turkey,Meleagris gabbbbbbbbbbbbbb
Meleagris gallopavo Turkey,Meleagris gbbbbbbbbbbbbbbb
Meleagris gallopavo Turkey,Meleagris bbbbbbbbbbbbbbbb
Meleagris gallopavo Turkey,Meleagrisbbbbbbbbbbbbbbbbb
Meleagris gallopavo Turkey,Meleagribbbbbbbbbbbbbbbbbb
Meleagris gallopavo Turkey,Meleagrbbbbbbbbbbbbbbbbbbb
Meleagris gallopavo Turkey,Meleagbbbbbbbbbbbbbbbbbbbb
Meleagris gallopavo Turkey,Meleabbbbbbbbbbbbbbbbbbbbb
Meleagris gallopavo Turkey,Melebbbbbbbbbbbbbbbbbbbbbb
Meleagris gallopavo Turkey,Melbbbbbbbbbbbbbbbbbbbbbbb
Meleagris gallopavo Turkey,Mebbbbbbbbbbbbbbbbbbbbbbbb
Meleagris gallopavo Turkey,Mbbbbbbbbbbbbbbbbbbbbbbbbb
Meleagris gallopavo Turkey,bbbbbbbbbbbbbbbbbbbbbbbbbb
Synthliboramphus hypoleucus,Synthliboramphus hypoleucud
Synthliboramphus hypoleucus,Synthliboramphus hypoleucdd
Synthliboramphus hypoleucus,Synthliboramphus hypoleuddd
Synthliboramphus hypoleucus,Synthliboramphus hypoledddd
Synthliboramphus hypoleucus,Synthliboramphus hypolddddd
Synthliboramphus hypoleucus,Synthliboramphus hypodddddd
Synthliboramphus hypoleucus,Synthliboramphus hypddddddd
Synthliboramphus hypoleucus,Synthliboramphus hydddddddd
Synthliboramphus hypoleucus,Synthliboramphus hddddddddd
Synthliboramphus hypoleucus,Synthliboramphus dddddddddd
Synthliboramphus hypoleucus,Synthliboramphusddddddddddd
Synthliboramphus hypoleucus,Synthliboramphudddddddddddd
Synthliboramphus hypoleucus,Synthliboramphddddddddddddd
Synthliboramphus hypoleucus,Synthliborampdddddddddddddd
Synthliboramphus hypoleucus,Synthliboramddddddddddddddd
Synthliboramphus hypoleucus,Synthliboradddddddddddddddd
Synthliboramphus hypoleucus,Synthliborddddddddddddddddd
Synthliboramphus hypoleucus,Synthlibodddddddddddddddddd
Synthliboramphus hypoleucus,Synthlibddddddddddddddddddd
Synthliboramphus hypoleucus,Synthlidddddddddddddddddddd
Synthliboramphus hypoleucus,Synthlddddddddddddddddddddd
Synthliboramphus hypoleucus,Synthdddddddddddddddddddddd
Synthliboramphus hypoleucus,Syntddddddddddddddddddddddd
Synthliboramphus hypoleucus,Syndddddddddddddddddddddddd
Synthliboramphus hypoleucus,Syddddddddddddddddddddddddd
Synthliboramphus hypoleucus,Sdddddddddddddddddddddddddd
Synthliboramphus hypoleucus,ddddddddddddddddddddddddddd
Grus americana Whoping Crane,Grus americana Whoping Cranb
Grus americana Whoping Crane,Grus americana Whoping Crabb
Grus americana Whoping Crane,Grus americana Whoping Crbbb
Grus americana Whoping Crane,Grus americana Whoping Cbbbb
Grus americana Whoping Crane,Grus americana Whoping bbbbb
Grus americana Whoping Crane,Grus americana Whopingbbbbbb
Grus americana Whoping Crane,Grus americana Whopinbbbbbbb
Grus americana Whoping Crane,Grus americana Whopibbbbbbbb
Grus americana Whoping Crane,Grus americana Whopbbbbbbbbb
Grus americana Whoping Crane,Grus americana Whobbbbbbbbbb
Grus americana Whoping Crane,Grus americana Whbbbbbbbbbbb
Grus americana Whoping Crane,Grus americana Wbbbbbbbbbbbb
Grus americana Whoping Crane,Grus americana bbbbbbbbbbbbb
Grus americana Whoping Crane,Grus americanabbbbbbbbbbbbbb
Grus americana Whoping Crane,Grus americanbbbbbbbbbbbbbbb
Grus americana Whoping Crane,Grus americabbbbbbbbbbbbbbbb
Grus americana Whoping Crane,Grus americbbbbbbbbbbbbbbbbb
Grus americana Whoping Crane,Grus ameribbbbbbbbbbbbbbbbbb
Grus americana Whoping Crane,Grus amerbbbbbbbbbbbbbbbbbbb
Grus americana Whoping Crane,Grus amebbbbbbbbbbbbbbbbbbbb
Grus americana Whoping Crane,Grus ambbbbbbbbbbbbbbbbbbbbb
Grus americana Whoping Crane,Grus abbbbbbbbbbbbbbbbbbbbbb
Grus americana Whoping Crane,Grus bbbbbbbbbbbbbbbbbbbbbbb
Grus americana Whoping Crane,Grusbbbbbbbbbbbbbbbbbbbbbbbb
Grus americana Whoping Crane,Grubbbbbbbbbbbbbbbbbbbbbbbbb
Grus americana Whoping Crane,Grbbbbbbbbbbbbbbbbbbbbbbbbbb
Grus americana Whoping Crane,Gbbbbbbbbbbbbbbbbbbbbbbbbbbb
Grus americana Whoping Crane,bbbbbbbbbbbbbbbbbbbbbbbbbbbb
Anas discors Blue-winged Teal,Anas discors Blue-winged Teab
Anas discors Blue-winged Teal,Anas discors Blue-winged Tebb
Anas discors Blue-winged Teal,Anas discors Blue-winged Tbbb
Anas discors Blue-winged Teal,Anas discors Blue-winged bbbb
Anas discors Blue-winged Teal,Anas discors Blue-wingedbbbbb
Anas discors Blue-winged Teal,Anas discors Blue-wingebbbbbb
Anas discors Blue-winged Teal,Anas discors Blue-wingbbbbbbb
Anas discors Blue-winged Teal,Anas discors Blue-winbbbbbbbb
Anas discors Blue-winged Teal,Anas discors Blue-wibbbbbbbbb
Anas discors Blue-winged Teal,Anas discors Blue-wbbbbbbbbbb
Anas discors Blue-winged Teal,Anas discors Blue-bbbbbbbbbbb
Anas discors Blue-winged Teal,Anas discors Bluebbbbbbbbbbbb
Anas discors Blue-winged Teal,Anas discors Blubbbbbbbbbbbbb
Anas discors Blue-winged Teal,Anas discors Blbbbbbbbbbbbbbb
Anas discors Blue-winged Teal,Anas discors Bbbbbbbbbbbbbbbb
Anas discors Blue-winged Teal,Anas discors bbbbbbbbbbbbbbbb
Anas discors Blue-winged Teal,Anas discorsbbbbbbbbbbbbbbbbb
Anas discors Blue-winged Teal,Anas discorbbbbbbbbbbbbbbbbbb
Anas discors Blue-winged Teal,Anas discobbbbbbbbbbbbbbbbbbb
Anas discors Blue-winged Teal,Anas discbbbbbbbbbbbbbbbbbbbb
Anas discors Blue-winged Teal,Anas disbbbbbbbbbbbbbbbbbbbbb
Anas discors Blue-winged Teal,Anas dibbbbbbbbbbbbbbbbbbbbbb
Anas discors Blue-winged Teal,Anas dbbbbbbbbbbbbbbbbbbbbbbb
Anas discors Blue-winged Teal,Anas bbbbbbbbbbbbbbbbbbbbbbbb
Anas discors Blue-winged Teal,Anasbbbbbbbbbbbbbbbbbbbbbbbbb
Anas discors Blue-winged Teal,Anabbbbbbbbbbbbbbbbbbbbbbbbbb
Anas discors Blue-winged Teal,Anbbbbbbbbbbbbbbbbbbbbbbbbbbb
Anas discors Blue-winged Teal,Abbbbbbbbbbbbbbbbbbbbbbbbbbbb
Anas discors Blue-winged Teal,bbbbbbbbbbbbbbbbbbbbbbbbbbbbb
Cepphus grylle Black Guillemot,Cepphus grylle Black Guillemob
Cepphus grylle Black Guillemot,Cepphus grylle Black Guillembb
Cepphus grylle Black Guillemot,Cepphus grylle Black Guillebbb
Cepphus grylle Black Guillemot,Cepphus grylle Black Guillbbbb
Cepphus grylle Black Guillemot,Cepphus grylle Black Guilbbbbb
Cepphus grylle Black Guillemot,Cepphus grylle Black Guibbbbbb
Cepphus grylle Black Guillemot,Cepphus grylle Black Gubbbbbbb
Cepphus grylle Black Guillemot,Cepphus grylle Black Gbbbbbbbb
Cepphus grylle Black Guillemot,Cepphus grylle Black bbbbbbbbb
Cepphus grylle Black Guillemot,Cepphus grylle Blackbbbbbbbbbb
Cepphus grylle Black Guillemot,Cepphus grylle Blacbbbbbbbbbbb
Cepphus grylle Black Guillemot,Cepphus grylle Blabbbbbbbbbbbb
Cepphus grylle Black Guillemot,Cepphus grylle Blbbbbbbbbbbbbb
Cepphus grylle Black Guillemot,Cepphus grylle Bbbbbbbbbbbbbbb
Cepphus grylle Black Guillemot,Cepphus grylle bbbbbbbbbbbbbbb
Cepphus grylle Black Guillemot,Cepphus gryllebbbbbbbbbbbbbbbb
Cepphus grylle Black Guillemot,Cepphus gryllbbbbbbbbbbbbbbbbb
Cepphus grylle Black Guillemot,Cepphus grylbbbbbbbbbbbbbbbbbb
Cepphus grylle Black Guillemot,Cepphus grybbbbbbbbbbbbbbbbbbb
Cepphus grylle Black Guillemot,Cepphus grbbbbbbbbbbbbbbbbbbbb
Cepphus grylle Black Guillemot,Cepphus gbbbbbbbbbbbbbbbbbbbbb
Cepphus grylle Black Guillemot,Cepphus bbbbbbbbbbbbbbbbbbbbbb
Cepphus grylle Black Guillemot,Cepphusbbbbbbbbbbbbbbbbbbbbbbb
Cepphus grylle Black Guillemot,Cepphubbbbbbbbbbbbbbbbbbbbbbbb
Cepphus grylle Black Guillemot,Cepphbbbbbbbbbbbbbbbbbbbbbbbbb
Cepphus grylle Black Guillemot,Ceppbbbbbbbbbbbbbbbbbbbbbbbbbb
Cepphus grylle Black Guillemot,Cepbbbbbbbbbbbbbbbbbbbbbbbbbbb
Cepphus grylle Black Guillemot,Cebbbbbbbbbbbbbbbbbbbbbbbbbbbb
Cepphus grylle Black Guillemot,Cbbbbbbbbbbbbbbbbbbbbbbbbbbbbb
Cepphus grylle Black Guillemot,bbbbbbbbbbbbbbbbbbbbbbbbbbbbbb
Sterna anaethetus Bridled Terna,Sterna anaethetus Bridled Ternb
Sterna anaethetus Bridled Terna,Sterna anaethetus Bridled Terbb
Sterna anaethetus Bridled Terna,Sterna anaethetus Bridled Tebbb
Sterna anaethetus Bridled Terna,Sterna anaethetus Bridled Tbbbb
Sterna anaethetus Bridled Terna,Sterna anaethetus Bridled bbbbb
Sterna anaethetus Bridled Terna,Sterna anaethetus Bridledbbbbbb
Sterna anaethetus Bridled Terna,Sterna anaethetus Bridlebbbbbbb
Sterna anaethetus Bridled Terna,Sterna anaethetus Bridlbbbbbbbb
Sterna anaethetus Bridled Terna,Sterna anaethetus Bridbbbbbbbbb
Sterna anaethetus Bridled Terna,Sterna anaethetus Bribbbbbbbbbb
Sterna anaethetus Bridled Terna,Sterna anaethetus Brbbbbbbbbbbb
Sterna anaethetus Bridled Terna,Sterna anaethetus Bbbbbbbbbbbbb
Sterna anaethetus Bridled Terna,Sterna anaethetus bbbbbbbbbbbbb
Sterna anaethetus Bridled Terna,Sterna anaethetusbbbbbbbbbbbbbb
Sterna anaethetus Bridled Terna,Sterna anaethetubbbbbbbbbbbbbbb
Sterna anaethetus Bridled Terna,Sterna anaethetbbbbbbbbbbbbbbbb
Sterna anaethetus Bridled Terna,Sterna anaethebbbbbbbbbbbbbbbbb
Sterna anaethetus Bridled Terna,Sterna anaethbbbbbbbbbbbbbbbbbb
Sterna anaethetus Bridled Terna,Sterna anaetbbbbbbbbbbbbbbbbbbb
Sterna anaethetus Bridled Terna,Sterna anaebbbbbbbbbbbbbbbbbbbb
Sterna anaethetus Bridled Terna,Sterna anabbbbbbbbbbbbbbbbbbbbb
Sterna anaethetus Bridled Terna,Sterna anbbbbbbbbbbbbbbbbbbbbbb
Sterna anaethetus Bridled Terna,Sterna abbbbbbbbbbbbbbbbbbbbbbb
Sterna anaethetus Bridled Terna,Sterna bbbbbbbbbbbbbbbbbbbbbbbb
Sterna anaethetus Bridled Terna,Sternabbbbbbbbbbbbbbbbbbbbbbbbb
Sterna anaethetus Bridled Terna,Sternbbbbbbbbbbbbbbbbbbbbbbbbbb
Sterna anaethetus Bridled Terna,Sterbbbbbbbbbbbbbbbbbbbbbbbbbbb
Sterna anaethetus Bridled Terna,Stebbbbbbbbbbbbbbbbbbbbbbbbbbbb
Sterna anaethetus Bridled Terna,Stbbbbbbbbbbbbbbbbbbbbbbbbbbbbb
Sterna anaethetus Bridled Terna,Sbbbbbbbbbbbbbbbbbbbbbbbbbbbbbb
Sterna anaethetus Bridled Terna,bbbbbbbbbbbbbbbbbbbbbbbbbbbbbbb
Molothrus aeneus Bronzed Cowbird,Molothrus aeneus Bronzed Cowbirc
Molothrus aeneus Bronzed Cowbird,Molothrus aeneus Bronzed Cowbicc
Molothrus aeneus Bronzed Cowbird,Molothrus aeneus Bronzed Cowbccc
Molothrus aeneus Bronzed Cowbird,Molothrus aeneus Bronzed Cowcccc
Molothrus aeneus Bronzed Cowbird,Molothrus aeneus Bronzed Coccccc
Molothrus aeneus Bronzed Cowbird,Molothrus aeneus Bronzed Ccccccc
Molothrus aeneus Bronzed Cowbird,Molothrus aeneus Bronzed ccccccc
Molothrus aeneus Bronzed Cowbird,Molothrus aeneus Bronzedcccccccc
Molothrus aeneus Bronzed Cowbird,Molothrus aeneus Bronzeccccccccc
Molothrus aeneus Bronzed Cowbird,Molothrus aeneus Bronzcccccccccc
Molothrus aeneus Bronzed Cowbird,Molothrus aeneus Bronccccccccccc
Molothrus aeneus Bronzed Cowbird,Molothrus aeneus Brocccccccccccc
Molothrus aeneus Bronzed Cowbird,Molothrus aeneus Brccccccccccccc
Molothrus aeneus Bronzed Cowbird,Molothrus aeneus Bcccccccccccccc
Molothrus aeneus Bronzed Cowbird,Molothrus aeneus ccccccccccccccc
Molothrus aeneus Bronzed Cowbird,Molothrus aeneuscccccccccccccccc
Molothrus aeneus Bronzed Cowbird,Molothrus aeneuccccccccccccccccc
Molothrus aeneus Bronzed Cowbird,Molothrus aenecccccccccccccccccc
Molothrus aeneus Bronzed Cowbird,Molothrus aenccccccccccccccccccc
Molothrus aeneus Bronzed Cowbird,Molothrus aecccccccccccccccccccc
Molothrus aeneus Bronzed Cowbird,Molothrus accccccccccccccccccccc
Molothrus aeneus Bronzed Cowbird,Molothrus cccccccccccccccccccccc
Molothrus aeneus Bronzed Cowbird,Molothrusccccccccccccccccccccccc
Molothrus aeneus Bronzed Cowbird,Molothrucccccccccccccccccccccccc
Molothrus aeneus Bronzed Cowbird,Molothrccccccccccccccccccccccccc
Molothrus aeneus Bronzed Cowbird,Molothcccccccccccccccccccccccccc
Molothrus aeneus Bronzed Cowbird,Molotccccccccccccccccccccccccccc
Molothrus aeneus Bronzed Cowbird,Molocccccccccccccccccccccccccccc
Molothrus aeneus Bronzed Cowbird,Molccccccccccccccccccccccccccccc
Molothrus aeneus Bronzed Cowbird,Mocccccccccccccccccccccccccccccc
Molothrus aeneus Bronzed Cowbird,Mccccccccccccccccccccccccccccccc
Molothrus aeneus Bronzed Cowbird,cccccccccccccccccccccccccccccccc
Spizella breweri Brewer's Sparrow,Spizella breweri Brewer's Sparroc
Spizella breweri Brewer's Sparrow,Spizella breweri Brewer's Sparrcc
Spizella breweri Brewer's Sparrow,Spizella breweri Brewer's Sparccc
Spizella breweri Brewer's Sparrow,Spizella breweri Brewer's Spacccc
Spizella breweri Brewer's Sparrow,Spizella breweri Brewer's Spccccc
Spizella breweri Brewer's Sparrow,Spizella breweri Brewer's Scccccc
Spizella breweri Brewer's Sparrow,Spizella breweri Brewer's ccccccc
Spizella breweri Brewer's Sparrow,Spizella breweri Brewer'scccccccc
Spizella breweri Brewer's Sparrow,Spizella breweri Brewer'ccccccccc
Spizella breweri Brewer's Sparrow,Spizella breweri Brewercccccccccc
Spizella breweri Brewer's Sparrow,Spizella breweri Breweccccccccccc
Spizella breweri Brewer's Sparrow,Spizella breweri Brewcccccccccccc
Spizella breweri Brewer's Sparrow,Spizella breweri Breccccccccccccc
Spizella breweri Brewer's Sparrow,Spizella breweri Brcccccccccccccc
Spizella breweri Brewer's Sparrow,Spizella breweri Bccccccccccccccc
Spizella breweri Brewer's Sparrow,Spizella breweri cccccccccccccccc
Spizella breweri Brewer's Sparrow,Spizella brewericcccccccccccccccc
Spizella breweri Brewer's Sparrow,Spizella brewercccccccccccccccccc
Spizella breweri Brewer's Sparrow,Spizella breweccccccccccccccccccc
Spizella breweri Brewer's Sparrow,Spizella brewcccccccccccccccccccc
Spizella breweri Brewer's Sparrow,Spizella breccccccccccccccccccccc
Spizella breweri Brewer's Sparrow,Spizella brcccccccccccccccccccccc
Spizella breweri Brewer's Sparrow,Spizella bccccccccccccccccccccccc
Spizella breweri Brewer's Sparrow,Spizella cccccccccccccccccccccccc
Spizella breweri Brewer's Sparrow,Spizellaccccccccccccccccccccccccc
Spizella breweri Brewer's Sparrow,Spizellcccccccccccccccccccccccccc
Spizella breweri Brewer's Sparrow,Spizelccccccccccccccccccccccccccc
Spizella breweri Brewer's Sparrow,Spizecccccccccccccccccccccccccccc
Spizella breweri Brewer's Sparrow,Spizccccccccccccccccccccccccccccc
Spizella breweri Brewer's Sparrow,Spicccccccccccccccccccccccccccccc
Spizella breweri Brewer's Sparrow,Spccccccccccccccccccccccccccccccc
Spizella breweri Brewer's Sparrow,Scccccccccccccccccccccccccccccccc
Spizella breweri Brewer's Sparrow,ccccccccccccccccccccccccccccccccc
Streptopelia chiensis Spotted Dove,Streptopelia chiensis Spotted Dovb
Streptopelia chiensis Spotted Dove,Streptopelia chiensis Spotted Dobb
Streptopelia chiensis Spotted Dove,Streptopelia chiensis Spotted Dbbb
Streptopelia chiensis Spotted Dove,Streptopelia chiensis Spotted bbbb
Streptopelia chiensis Spotted Dove,Streptopelia chiensis Spottedbbbbb
Streptopelia chiensis Spotted Dove,Streptopelia chiensis Spottebbbbbb
Streptopelia chiensis Spotted Dove,Streptopelia chiensis Spottbbbbbbb
Streptopelia chiensis Spotted Dove,Streptopelia chiensis Spotbbbbbbbb
Streptopelia chiensis Spotted Dove,Streptopelia chiensis Spobbbbbbbbb
Streptopelia chiensis Spotted Dove,Streptopelia chiensis Spbbbbbbbbbb
Streptopelia chiensis Spotted Dove,Streptopelia chiensis Sbbbbbbbbbbb
Streptopelia chiensis Spotted Dove,Streptopelia chiensis bbbbbbbbbbbb
Streptopelia chiensis Spotted Dove,Streptopelia chiensisbbbbbbbbbbbbb
Streptopelia chiensis Spotted Dove,Streptopelia chiensibbbbbbbbbbbbbb
Streptopelia chiensis Spotted Dove,Streptopelia chiensbbbbbbbbbbbbbbb
Streptopelia chiensis Spotted Dove,Streptopelia chienbbbbbbbbbbbbbbbb
Streptopelia chiensis Spotted Dove,Streptopelia chiebbbbbbbbbbbbbbbbb
Streptopelia chiensis Spotted Dove,Streptopelia chibbbbbbbbbbbbbbbbbb
Streptopelia chiensis Spotted Dove,Streptopelia chbbbbbbbbbbbbbbbbbbb
Streptopelia chiensis Spotted Dove,Streptopelia cbbbbbbbbbbbbbbbbbbbb
Streptopelia chiensis Spotted Dove,Streptopelia bbbbbbbbbbbbbbbbbbbbb
Streptopelia chiensis Spotted Dove,Streptopeliabbbbbbbbbbbbbbbbbbbbbb
Streptopelia chiensis Spotted Dove,Streptopelibbbbbbbbbbbbbbbbbbbbbbb
Streptopelia chiensis Spotted Dove,Streptopelbbbbbbbbbbbbbbbbbbbbbbbb
Streptopelia chiensis Spotted Dove,Streptopebbbbbbbbbbbbbbbbbbbbbbbbb
Streptopelia chiensis Spotted Dove,Streptopbbbbbbbbbbbbbbbbbbbbbbbbbb
Streptopelia chiensis Spotted Dove,Streptobbbbbbbbbbbbbbbbbbbbbbbbbbb
Streptopelia chiensis Spotted Dove,Streptbbbbbbbbbbbbbbbbbbbbbbbbbbbb
Streptopelia chiensis Spotted Dove,Strepbbbbbbbbbbbbbbbbbbbbbbbbbbbbb
Streptopelia chiensis Spotted Dove,Strebbbbbbbbbbbbbbbbbbbbbbbbbbbbbb
Streptopelia chiensis Spotted Dove,Strbbbbbbbbbbbbbbbbbbbbbbbbbbbbbbb
Streptopelia chiensis Spotted Dove,Stbbbbbbbbbbbbbbbbbbbbbbbbbbbbbbbb
Streptopelia chiensis Spotted Dove,Sbbbbbbbbbbbbbbbbbbbbbbbbbbbbbbbbb
Streptopelia chiensis Spotted Dove,bbbbbbbbbbbbbbbbbbbbbbbbbbbbbbbbbb
Buteo platypterus Broad-winged Hawk,Buteo platypterus Broad-winged Hawb
Buteo platypterus Broad-winged Hawk,Buteo platypterus Broad-winged Habb
Buteo platypterus Broad-winged Hawk,Buteo platypterus Broad-winged Hbbb
Buteo platypterus Broad-winged Hawk,Buteo platypterus Broad-winged bbbb
Buteo platypterus Broad-winged Hawk,Buteo platypterus Broad-wingedbbbbb
Buteo platypterus Broad-winged Hawk,Buteo platypterus Broad-wingebbbbbb
Buteo platypterus Broad-winged Hawk,Buteo platypterus Broad-wingbbbbbbb
Buteo platypterus Broad-winged Hawk,Buteo platypterus Broad-winbbbbbbbb
Buteo platypterus Broad-winged Hawk,Buteo platypterus Broad-wibbbbbbbbb
Buteo platypterus Broad-winged Hawk,Buteo platypterus Broad-wbbbbbbbbbb
Buteo platypterus Broad-winged Hawk,Buteo platypterus Broad-bbbbbbbbbbb
Buteo platypterus Broad-winged Hawk,Buteo platypterus Broadbbbbbbbbbbbb
Buteo platypterus Broad-winged Hawk,Buteo platypterus Broabbbbbbbbbbbbb
Buteo platypterus Broad-winged Hawk,Buteo platypterus Brobbbbbbbbbbbbbb
Buteo platypterus Broad-winged Hawk,Buteo platypterus Brbbbbbbbbbbbbbbb
Buteo platypterus Broad-winged Hawk,Buteo platypterus Bbbbbbbbbbbbbbbbb
Buteo platypterus Broad-winged Hawk,Buteo platypterus bbbbbbbbbbbbbbbbb
Buteo platypterus Broad-winged Hawk,Buteo platypterusbbbbbbbbbbbbbbbbbb
Buteo platypterus Broad-winged Hawk,Buteo platypterubbbbbbbbbbbbbbbbbbb
Buteo platypterus Broad-winged Hawk,Buteo platypterbbbbbbbbbbbbbbbbbbbb
Buteo platypterus Broad-winged Hawk,Buteo platyptebbbbbbbbbbbbbbbbbbbbb
Buteo platypterus Broad-winged Hawk,Buteo platyptbbbbbbbbbbbbbbbbbbbbbb
Buteo platypterus Broad-winged Hawk,Buteo platypbbbbbbbbbbbbbbbbbbbbbbb
Buteo platypterus Broad-winged Hawk,Buteo platybbbbbbbbbbbbbbbbbbbbbbbb
Buteo platypterus Broad-winged Hawk,Buteo platbbbbbbbbbbbbbbbbbbbbbbbbb
Buteo platypterus Broad-winged Hawk,Buteo plabbbbbbbbbbbbbbbbbbbbbbbbbb
Buteo platypterus Broad-winged Hawk,Buteo plbbbbbbbbbbbbbbbbbbbbbbbbbbb
Buteo platypterus Broad-winged Hawk,Buteo pbbbbbbbbbbbbbbbbbbbbbbbbbbbb
Buteo platypterus Broad-winged Hawk,Buteo bbbbbbbbbbbbbbbbbbbbbbbbbbbbb
Buteo platypterus Broad-winged Hawk,Buteobbbbbbbbbbbbbbbbbbbbbbbbbbbbbb
Buteo platypterus Broad-winged Hawk,Butebbbbbbbbbbbbbbbbbbbbbbbbbbbbbbb
Buteo platypterus Broad-winged Hawk,Butbbbbbbbbbbbbbbbbbbbbbbbbbbbbbbbb
Buteo platypterus Broad-winged Hawk,Bubbbbbbbbbbbbbbbbbbbbbbbbbbbbbbbbb
Buteo platypterus Broad-winged Hawk,Bbbbbbbbbbbbbbbbbbbbbbbbbbbbbbbbbbb
Buteo platypterus Broad-winged Hawk,bbbbbbbbbbbbbbbbbbbbbbbbbbbbbbbbbbb
Tiaris bicolor Black-faced Grassquit,Tiaris bicolor Black-faced Grassquig
Tiaris bicolor Black-faced Grassquit,Tiaris bicolor Black-faced Grassqugg
Tiaris bicolor Black-faced Grassquit,Tiaris bicolor Black-faced Grassqggg
Tiaris bicolor Black-faced Grassquit,Tiaris bicolor Black-faced Grassgggg
Tiaris bicolor Black-faced Grassquit,Tiaris bicolor Black-faced Grasggggg
Tiaris bicolor Black-faced Grassquit,Tiaris bicolor Black-faced Gragggggg
Tiaris bicolor Black-faced Grassquit,Tiaris bicolor Black-faced Grggggggg
Tiaris bicolor Black-faced Grassquit,Tiaris bicolor Black-faced Ggggggggg
Tiaris bicolor Black-faced Grassquit,Tiaris bicolor Black-faced ggggggggg
Tiaris bicolor Black-faced Grassquit,Tiaris bicolor Black-facedgggggggggg
Tiaris bicolor Black-faced Grassquit,Tiaris bicolor Black-faceggggggggggg
Tiaris bicolor Black-faced Grassquit,Tiaris bicolor Black-facgggggggggggg
Tiaris bicolor Black-faced Grassquit,Tiaris bicolor Black-faggggggggggggg
Tiaris bicolor Black-faced Grassquit,Tiaris bicolor Black-fgggggggggggggg
Tiaris bicolor Black-faced Grassquit,Tiaris bicolor Black-ggggggggggggggg
Tiaris bicolor Black-faced Grassquit,Tiaris bicolor Blackgggggggggggggggg
Tiaris bicolor Black-faced Grassquit,Tiaris bicolor Blacggggggggggggggggg
Tiaris bicolor Black-faced Grassquit,Tiaris bicolor Blagggggggggggggggggg
Tiaris bicolor Black-faced Grassquit,Tiaris bicolor Blggggggggggggggggggg
Tiaris bicolor Black-faced Grassquit,Tiaris bicolor Bgggggggggggggggggggg
Tiaris bicolor Black-faced Grassquit,Tiaris bicolor ggggggggggggggggggggg
Tiaris bicolor Black-faced Grassquit,Tiaris bicolorgggggggggggggggggggggg
Tiaris bicolor Black-faced Grassquit,Tiaris bicologgggggggggggggggggggggg
Tiaris bicolor Black-faced Grassquit,Tiaris bicolgggggggggggggggggggggggg
Tiaris bicolor Black-faced Grassquit,Tiaris bicoggggggggggggggggggggggggg
Tiaris bicolor Black-faced Grassquit,Tiaris bicgggggggggggggggggggggggggg
Tiaris bicolor Black-faced Grassquit,Tiaris biggggggggggggggggggggggggggg
Tiaris bicolor Black-faced Grassquit,Tiaris bgggggggggggggggggggggggggggg
Tiaris bicolor Black-faced Grassquit,Tiaris ggggggggggggggggggggggggggggg
Tiaris bicolor Black-faced Grassquit,Tiarisgggggggggggggggggggggggggggggg
Tiaris bicolor Black-faced Grassquit,Tiariggggggggggggggggggggggggggggggg
Tiaris bicolor Black-faced Grassquit,Tiargggggggggggggggggggggggggggggggg
Tiaris bicolor Black-faced Grassquit,Tiaggggggggggggggggggggggggggggggggg
Tiaris bicolor Black-faced Grassquit,Tigggggggggggggggggggggggggggggggggg
Tiaris bicolor Black-faced Grassquit,Tggggggggggggggggggggggggggggggggggg
Tiaris bicolor Black-faced Grassquit,gggggggggggggggggggggggggggggggggggg
Geotrygon mystacea Bridled Quail-Dove,Geotrygon mystacea Bridled Quail-Dovb
Geotrygon mystacea Bridled Quail-Dove,Geotrygon mystacea Bridled Quail-Dobb
Geotrygon mystacea Bridled Quail-Dove,Geotrygon mystacea Bridled Quail-Dbbb
Geotrygon mystacea Bridled Quail-Dove,Geotrygon mystacea Bridled Quail-bbbb
Geotrygon mystacea Bridled Quail-Dove,Geotrygon mystacea Bridled Quailbbbbb
Geotrygon mystacea Bridled Quail-Dove,Geotrygon mystacea Bridled Quaibbbbbb
Geotrygon mystacea Bridled Quail-Dove,Geotrygon mystacea Bridled Quabbbbbbb
Geotrygon mystacea Bridled Quail-Dove,Geotrygon mystacea Bridled Qubbbbbbbb
Geotrygon mystacea Bridled Quail-Dove,Geotrygon mystacea Bridled Qbbbbbbbbb
Geotrygon mystacea Bridled Quail-Dove,Geotrygon mystacea Bridled bbbbbbbbbb
Geotrygon mystacea Bridled Quail-Dove,Geotrygon mystacea Bridledbbbbbbbbbbb
Geotrygon mystacea Bridled Quail-Dove,Geotrygon mystacea Bridlebbbbbbbbbbbb
Geotrygon mystacea Bridled Quail-Dove,Geotrygon mystacea Bridlbbbbbbbbbbbbb
Geotrygon mystacea Bridled Quail-Dove,Geotrygon mystacea Bridbbbbbbbbbbbbbb
Geotrygon mystacea Bridled Quail-Dove,Geotrygon mystacea Bribbbbbbbbbbbbbbb
Geotrygon mystacea Bridled Quail-Dove,Geotrygon mystacea Brbbbbbbbbbbbbbbbb
Geotrygon mystacea Bridled Quail-Dove,Geotrygon mystacea Bbbbbbbbbbbbbbbbbb
Geotrygon mystacea Bridled Quail-Dove,Geotrygon mystacea bbbbbbbbbbbbbbbbbb
Geotrygon mystacea Bridled Quail-Dove,Geotrygon mystaceabbbbbbbbbbbbbbbbbbb
Geotrygon mystacea Bridled Quail-Dove,Geotrygon mystacebbbbbbbbbbbbbbbbbbbb
Geotrygon mystacea Bridled Quail-Dove,Geotrygon mystacbbbbbbbbbbbbbbbbbbbbb
Geotrygon mystacea Bridled Quail-Dove,Geotrygon mystabbbbbbbbbbbbbbbbbbbbbb
Geotrygon mystacea Bridled Quail-Dove,Geotrygon mystbbbbbbbbbbbbbbbbbbbbbbb
Geotrygon mystacea Bridled Quail-Dove,Geotrygon mysbbbbbbbbbbbbbbbbbbbbbbbb
Geotrygon mystacea Bridled Quail-Dove,Geotrygon mybbbbbbbbbbbbbbbbbbbbbbbbb
Geotrygon mystacea Bridled Quail-Dove,Geotrygon mbbbbbbbbbbbbbbbbbbbbbbbbbb
Geotrygon mystacea Bridled Quail-Dove,Geotrygon bbbbbbbbbbbbbbbbbbbbbbbbbbb
Geotrygon mystacea Bridled Quail-Dove,Geotrygonbbbbbbbbbbbbbbbbbbbbbbbbbbbb
Geotrygon mystacea Bridled Quail-Dove,Geotrygobbbbbbbbbbbbbbbbbbbbbbbbbbbbb
Geotrygon mystacea Bridled Quail-Dove,Geotrygbbbbbbbbbbbbbbbbbbbbbbbbbbbbbb
Geotrygon mystacea Bridled Quail-Dove,Geotrybbbbbbbbbbbbbbbbbbbbbbbbbbbbbbb
Geotrygon mystacea Bridled Quail-Dove,Geotrbbbbbbbbbbbbbbbbbbbbbbbbbbbbbbbb
Geotrygon mystacea Bridled Quail-Dove,Geotbbbbbbbbbbbbbbbbbbbbbbbbbbbbbbbbb
Geotrygon mystacea Bridled Quail-Dove,Geobbbbbbbbbbbbbbbbbbbbbbbbbbbbbbbbbb
Geotrygon mystacea Bridled Quail-Dove,Gebbbbbbbbbbbbbbbbbbbbbbbbbbbbbbbbbbb
Geotrygon mystacea Bridled Quail-Dove,Gbbbbbbbbbbbbbbbbbbbbbbbbbbbbbbbbbbbb
Geotrygon mystacea Bridled Quail-Dove,bbbbbbbbbbbbbbbbbbbbbbbbbbbbbbbbbbbbb
Pelecanius occidientalis Brown Pelican,Pelecanius occidientalis Brown Pelicab
Pelecanius occidientalis Brown Pelican,Pelecanius occidientalis Brown Pelicbb
Pelecanius occidientalis Brown Pelican,Pelecanius occidientalis Brown Pelibbb
Pelecanius occidientalis Brown Pelican,Pelecanius occidientalis Brown Pelbbbb
Pelecanius occidientalis Brown Pelican,Pelecanius occidientalis Brown Pebbbbb
Pelecanius occidientalis Brown Pelican,Pelecanius occidientalis Brown Pbbbbbb
Pelecanius occidientalis Brown Pelican,Pelecanius occidientalis Brown bbbbbbb
Pelecanius occidientalis Brown Pelican,Pelecanius occidientalis Brownbbbbbbbb
Pelecanius occidientalis Brown Pelican,Pelecanius occidientalis Browbbbbbbbbb
Pelecanius occidientalis Brown Pelican,Pelecanius occidientalis Brobbbbbbbbbb
Pelecanius occidientalis Brown Pelican,Pelecanius occidientalis Brbbbbbbbbbbb
Pelecanius occidientalis Brown Pelican,Pelecanius occidientalis Bbbbbbbbbbbbb
Pelecanius occidientalis Brown Pelican,Pelecanius occidientalis bbbbbbbbbbbbb
Pelecanius occidientalis Brown Pelican,Pelecanius occidientalisbbbbbbbbbbbbbb
Pelecanius occidientalis Brown Pelican,Pelecanius occidientalibbbbbbbbbbbbbbb
Pelecanius occidientalis Brown Pelican,Pelecanius occidientalbbbbbbbbbbbbbbbb
Pelecanius occidientalis Brown Pelican,Pelecanius occidientabbbbbbbbbbbbbbbbb
Pelecanius occidientalis Brown Pelican,Pelecanius occidientbbbbbbbbbbbbbbbbbb
Pelecanius occidientalis Brown Pelican,Pelecanius occidienbbbbbbbbbbbbbbbbbbb
Pelecanius occidientalis Brown Pelican,Pelecanius occidiebbbbbbbbbbbbbbbbbbbb
Pelecanius occidientalis Brown Pelican,Pelecanius occidibbbbbbbbbbbbbbbbbbbbb
Pelecanius occidientalis Brown Pelican,Pelecanius occidbbbbbbbbbbbbbbbbbbbbbb
Pelecanius occidientalis Brown Pelican,Pelecanius occibbbbbbbbbbbbbbbbbbbbbbb
Pelecanius occidientalis Brown Pelican,Pelecanius occbbbbbbbbbbbbbbbbbbbbbbbb
Pelecanius occidientalis Brown Pelican,Pelecanius ocbbbbbbbbbbbbbbbbbbbbbbbbb
Pelecanius occidientalis Brown Pelican,Pelecanius obbbbbbbbbbbbbbbbbbbbbbbbbb
Pelecanius occidientalis Brown Pelican,Pelecanius bbbbbbbbbbbbbbbbbbbbbbbbbbb
Pelecanius occidientalis Brown Pelican,Pelecaniusbbbbbbbbbbbbbbbbbbbbbbbbbbbb
Pelecanius occidientalis Brown Pelican,Pelecaniubbbbbbbbbbbbbbbbbbbbbbbbbbbbb
Pelecanius occidientalis Brown Pelican,Pelecanibbbbbbbbbbbbbbbbbbbbbbbbbbbbbb
Pelecanius occidientalis Brown Pelican,Pelecanbbbbbbbbbbbbbbbbbbbbbbbbbbbbbbb
Pelecanius occidientalis Brown Pelican,Pelecabbbbbbbbbbbbbbbbbbbbbbbbbbbbbbbb
Pelecanius occidientalis Brown Pelican,Pelecbbbbbbbbbbbbbbbbbbbbbbbbbbbbbbbbb
Pelecanius occidientalis Brown Pelican,Pelebbbbbbbbbbbbbbbbbbbbbbbbbbbbbbbbbb
Pelecanius occidientalis Brown Pelican,Pelbbbbbbbbbbbbbbbbbbbbbbbbbbbbbbbbbbb
Pelecanius occidientalis Brown Pelican,Pebbbbbbbbbbbbbbbbbbbbbbbbbbbbbbbbbbbb
Pelecanius occidientalis Brown Pelican,Pbbbbbbbbbbbbbbbbbbbbbbbbbbbbbbbbbbbbb
Pelecanius occidientalis Brown Pelican,bbbbbbbbbbbbbbbbbbbbbbbbbbbbbbbbbbbbbb
Icterus pectoralis Spot-breasted Oriole,Icterus pectoralis Spot-breasted Oriolf
Icterus pectoralis Spot-breasted Oriole,Icterus pectoralis Spot-breasted Orioff
Icterus pectoralis Spot-breasted Oriole,Icterus pectoralis Spot-breasted Orifff
Icterus pectoralis Spot-breasted Oriole,Icterus pectoralis Spot-breasted Orffff
Icterus pectoralis Spot-breasted Oriole,Icterus pectoralis Spot-breasted Offfff
Icterus pectoralis Spot-breasted Oriole,Icterus pectoralis Spot-breasted ffffff
Icterus pectoralis Spot-breasted Oriole,Icterus pectoralis Spot-breastedfffffff
Icterus pectoralis Spot-breasted Oriole,Icterus pectoralis Spot-breasteffffffff
Icterus pectoralis Spot-breasted Oriole,Icterus pectoralis Spot-breastfffffffff
Icterus pectoralis Spot-breasted Oriole,Icterus pectoralis Spot-breasffffffffff
Icterus pectoralis Spot-breasted Oriole,Icterus pectoralis Spot-breafffffffffff
Icterus pectoralis Spot-breasted Oriole,Icterus pectoralis Spot-breffffffffffff
Icterus pectoralis Spot-breasted Oriole,Icterus pectoralis Spot-brfffffffffffff
Icterus pectoralis Spot-breasted Oriole,Icterus pectoralis Spot-bffffffffffffff
Icterus pectoralis Spot-breasted Oriole,Icterus pectoralis Spot-fffffffffffffff
Icterus pectoralis Spot-breasted Oriole,Icterus pectoralis Spotffffffffffffffff
Icterus pectoralis Spot-breasted Oriole,Icterus pectoralis Spofffffffffffffffff
Icterus pectoralis Spot-breasted Oriole,Icterus pectoralis Spffffffffffffffffff
Icterus pectoralis Spot-breasted Oriole,Icterus pectoralis Sfffffffffffffffffff
Icterus pectoralis Spot-breasted Oriole,Icterus pectoralis ffffffffffffffffffff
Icterus pectoralis Spot-breasted Oriole,Icterus pectoralisfffffffffffffffffffff
Icterus pectoralis Spot-breasted Oriole,Icterus pectoraliffffffffffffffffffffff
Icterus pectoralis Spot-breasted Oriole,Icterus pectoralfffffffffffffffffffffff
Icterus pectoralis Spot-breasted Oriole,Icterus pectoraffffffffffffffffffffffff
Icterus pectoralis Spot-breasted Oriole,Icterus pectorfffffffffffffffffffffffff
Icterus pectoralis Spot-breasted Oriole,Icterus pectoffffffffffffffffffffffffff
Icterus pectoralis Spot-breasted Oriole,Icterus pectfffffffffffffffffffffffffff
Icterus pectoralis Spot-breasted Oriole,Icterus pecffffffffffffffffffffffffffff
Icterus pectoralis Spot-breasted Oriole,Icterus pefffffffffffffffffffffffffffff
Icterus pectoralis Spot-breasted Oriole,Icterus pffffffffffffffffffffffffffffff
Icterus pectoralis Spot-breasted Oriole,Icterus fffffffffffffffffffffffffffffff
Icterus pectoralis Spot-breasted Oriole,Icterusffffffffffffffffffffffffffffffff
Icterus pectoralis Spot-breasted Oriole,Icterufffffffffffffffffffffffffffffffff
Icterus pectoralis Spot-breasted Oriole,Icterffffffffffffffffffffffffffffffffff
Icterus pectoralis Spot-breasted Oriole,Ictefffffffffffffffffffffffffffffffffff
Icterus pectoralis Spot-breasted Oriole,Ictffffffffffffffffffffffffffffffffffff
Icterus pectoralis Spot-breasted Oriole,Icfffffffffffffffffffffffffffffffffffff
Icterus pectoralis Spot-breasted Oriole,Iffffffffffffffffffffffffffffffffffffff
Icterus pectoralis Spot-breasted Oriole,fffffffffffffffffffffffffffffffffffffff
Icterus pustulatus Streak-backed Orioole,Icterus pustulatus Streak-backed Orioolf
Icterus pustulatus Streak-backed Orioole,Icterus pustulatus Streak-backed Oriooff
Icterus pustulatus Streak-backed Orioole,Icterus pustulatus Streak-backed Oriofff
Icterus pustulatus Streak-backed Orioole,Icterus pustulatus Streak-backed Oriffff
Icterus pustulatus Streak-backed Orioole,Icterus pustulatus Streak-backed Orfffff
Icterus pustulatus Streak-backed Orioole,Icterus pustulatus Streak-backed Offffff
Icterus pustulatus Streak-backed Orioole,Icterus pustulatus Streak-backed fffffff
Icterus pustulatus Streak-backed Orioole,Icterus pustulatus Streak-backedffffffff
Icterus pustulatus Streak-backed Orioole,Icterus pustulatus Streak-backefffffffff
Icterus pustulatus Streak-backed Orioole,Icterus pustulatus Streak-backffffffffff
Icterus pustulatus Streak-backed Orioole,Icterus pustulatus Streak-bacfffffffffff
Icterus pustulatus Streak-backed Orioole,Icterus pustulatus Streak-baffffffffffff
Icterus pustulatus Streak-backed Orioole,Icterus pustulatus Streak-bfffffffffffff
Icterus pustulatus Streak-backed Orioole,Icterus pustulatus Streak-ffffffffffffff
Icterus pustulatus Streak-backed Orioole,Icterus pustulatus Streakfffffffffffffff
Icterus pustulatus Streak-backed Orioole,Icterus pustulatus Streaffffffffffffffff
Icterus pustulatus Streak-backed Orioole,Icterus pustulatus Strefffffffffffffffff
Icterus pustulatus Streak-backed Orioole,Icterus pustulatus Strffffffffffffffffff
Icterus pustulatus Streak-backed Orioole,Icterus pustulatus Stfffffffffffffffffff
Icterus pustulatus Streak-backed Orioole,Icterus pustulatus Sffffffffffffffffffff
Icterus pustulatus Streak-backed Orioole,Icterus pustulatus fffffffffffffffffffff
Icterus pustulatus Streak-backed Orioole,Icterus pustulatusffffffffffffffffffffff
Icterus pustulatus Streak-backed Orioole,Icterus pustulatufffffffffffffffffffffff
Icterus pustulatus Streak-backed Orioole,Icterus pustulatffffffffffffffffffffffff
Icterus pustulatus Streak-backed Orioole,Icterus pustulafffffffffffffffffffffffff
Icterus pustulatus Streak-backed Orioole,Icterus pustulffffffffffffffffffffffffff
Icterus pustulatus Streak-backed Orioole,Icterus pustufffffffffffffffffffffffffff
Icterus pustulatus Streak-backed Orioole,Icterus pustffffffffffffffffffffffffffff
Icterus pustulatus Streak-backed Orioole,Icterus pusfffffffffffffffffffffffffffff
Icterus pustulatus Streak-backed Orioole,Icterus puffffffffffffffffffffffffffffff
Icterus pustulatus Streak-backed Orioole,Icterus pfffffffffffffffffffffffffffffff
Icterus pustulatus Streak-backed Orioole,Icterus ffffffffffffffffffffffffffffffff
Icterus pustulatus Streak-backed Orioole,Icterusfffffffffffffffffffffffffffffffff
Icterus pustulatus Streak-backed Orioole,Icteruffffffffffffffffffffffffffffffffff
Icterus pustulatus Streak-backed Orioole,Icterfffffffffffffffffffffffffffffffffff
Icterus pustulatus Streak-backed Orioole,Icteffffffffffffffffffffffffffffffffffff
Icterus pustulatus Streak-backed Orioole,Ictfffffffffffffffffffffffffffffffffffff
Icterus pustulatus Streak-backed Orioole,Icffffffffffffffffffffffffffffffffffffff
Icterus pustulatus Streak-backed Orioole,Ifffffffffffffffffffffffffffffffffffffff
Icterus pustulatus Streak-backed Orioole,ffffffffffffffffffffffffffffffffffffffff
Euphagus cyanocephalus Brewer's Blackbird,Euphagus cyanocephalus Brewer's Blackbirf
Euphagus cyanocephalus Brewer's Blackbird,Euphagus cyanocephalus Brewer's Blackbiff
Euphagus cyanocephalus Brewer's Blackbird,Euphagus cyanocephalus Brewer's Blackbfff
Euphagus cyanocephalus Brewer's Blackbird,Euphagus cyanocephalus Brewer's Blackffff
Euphagus cyanocephalus Brewer's Blackbird,Euphagus cyanocephalus Brewer's Blacfffff
Euphagus cyanocephalus Brewer's Blackbird,Euphagus cyanocephalus Brewer's Blaffffff
Euphagus cyanocephalus Brewer's Blackbird,Euphagus cyanocephalus Brewer's Blfffffff
Euphagus cyanocephalus Brewer's Blackbird,Euphagus cyanocephalus Brewer's Bffffffff
Euphagus cyanocephalus Brewer's Blackbird,Euphagus cyanocephalus Brewer's fffffffff
Euphagus cyanocephalus Brewer's Blackbird,Euphagus cyanocephalus Brewer'sffffffffff
Euphagus cyanocephalus Brewer's Blackbird,Euphagus cyanocephalus Brewer'fffffffffff
Euphagus cyanocephalus Brewer's Blackbird,Euphagus cyanocephalus Brewerffffffffffff
Euphagus cyanocephalus Brewer's Blackbird,Euphagus cyanocephalus Brewefffffffffffff
Euphagus cyanocephalus Brewer's Blackbird,Euphagus cyanocephalus Brewffffffffffffff
Euphagus cyanocephalus Brewer's Blackbird,Euphagus cyanocephalus Brefffffffffffffff
Euphagus cyanocephalus Brewer's Blackbird,Euphagus cyanocephalus Brffffffffffffffff
Euphagus cyanocephalus Brewer's Blackbird,Euphagus cyanocephalus Bfffffffffffffffff
Euphagus cyanocephalus Brewer's Blackbird,Euphagus cyanocephalus ffffffffffffffffff
Euphagus cyanocephalus Brewer's Blackbird,Euphagus cyanocephalusfffffffffffffffffff
Euphagus cyanocephalus Brewer's Blackbird,Euphagus cyanocephaluffffffffffffffffffff
Euphagus cyanocephalus Brewer's Blackbird,Euphagus cyanocephalfffffffffffffffffffff
Euphagus cyanocephalus Brewer's Blackbird,Euphagus cyanocephaffffffffffffffffffffff
Euphagus cyanocephalus Brewer's Blackbird,Euphagus cyanocephfffffffffffffffffffffff
Euphagus cyanocephalus Brewer's Blackbird,Euphagus cyanocepffffffffffffffffffffffff
Euphagus cyanocephalus Brewer's Blackbird,Euphagus cyanocefffffffffffffffffffffffff
Euphagus cyanocephalus Brewer's Blackbird,Euphagus cyanocffffffffffffffffffffffffff
Euphagus cyanocephalus Brewer's Blackbird,Euphagus cyanofffffffffffffffffffffffffff
Euphagus cyanocephalus Brewer's Blackbird,Euphagus cyanffffffffffffffffffffffffffff
Euphagus cyanocephalus Brewer's Blackbird,Euphagus cyafffffffffffffffffffffffffffff
Euphagus cyanocephalus Brewer's Blackbird,Euphagus cyffffffffffffffffffffffffffffff
Euphagus cyanocephalus Brewer's Blackbird,Euphagus cfffffffffffffffffffffffffffffff
Euphagus cyanocephalus Brewer's Blackbird,Euphagus ffffffffffffffffffffffffffffffff
Euphagus cyanocephalus Brewer's Blackbird,Euphagusfffffffffffffffffffffffffffffffff
Euphagus cyanocephalus Brewer's Blackbird,Euphaguffffffffffffffffffffffffffffffffff
Euphagus cyanocephalus Brewer's Blackbird,Euphagfffffffffffffffffffffffffffffffffff
Euphagus cyanocephalus Brewer's Blackbird,Euphaffffffffffffffffffffffffffffffffffff
Euphagus cyanocephalus Brewer's Blackbird,Euphfffffffffffffffffffffffffffffffffffff
Euphagus cyanocephalus Brewer's Blackbird,Eupffffffffffffffffffffffffffffffffffffff
Euphagus cyanocephalus Brewer's Blackbird,Eufffffffffffffffffffffffffffffffffffffff
Euphagus cyanocephalus Brewer's Blackbird,Effffffffffffffffffffffffffffffffffffffff
Euphagus cyanocephalus Brewer's Blackbird,fffffffffffffffffffffffffffffffffffffffff
Hydrobates pelagicus British Storm-Petrael,Hydrobates pelagicus British Storm-Petraef
Hydrobates pelagicus British Storm-Petrael,Hydrobates pelagicus British Storm-Petraff
Hydrobates pelagicus British Storm-Petrael,Hydrobates pelagicus British Storm-Petrfff
Hydrobates pelagicus British Storm-Petrael,Hydrobates pelagicus British Storm-Petffff
Hydrobates pelagicus British Storm-Petrael,Hydrobates pelagicus British Storm-Pefffff
Hydrobates pelagicus British Storm-Petrael,Hydrobates pelagicus British Storm-Pffffff
Hydrobates pelagicus British Storm-Petrael,Hydrobates pelagicus British Storm-fffffff
Hydrobates pelagicus British Storm-Petrael,Hydrobates pelagicus British Stormffffffff
Hydrobates pelagicus British Storm-Petrael,Hydrobates pelagicus British Storfffffffff
Hydrobates pelagicus British Storm-Petrael,Hydrobates pelagicus British Stoffffffffff
Hydrobates pelagicus British Storm-Petrael,Hydrobates pelagicus British Stfffffffffff
Hydrobates pelagicus British Storm-Petrael,Hydrobates pelagicus British Sffffffffffff
Hydrobates pelagicus British Storm-Petrael,Hydrobates pelagicus British fffffffffffff
Hydrobates pelagicus British Storm-Petrael,Hydrobates pelagicus Britishffffffffffffff
Hydrobates pelagicus British Storm-Petrael,Hydrobates pelagicus Britisfffffffffffffff
Hydrobates pelagicus British Storm-Petrael,Hydrobates pelagicus Britiffffffffffffffff
Hydrobates pelagicus British Storm-Petrael,Hydrobates pelagicus Britfffffffffffffffff
Hydrobates pelagicus British Storm-Petrael,Hydrobates pelagicus Briffffffffffffffffff
Hydrobates pelagicus British Storm-Petrael,Hydrobates pelagicus Brfffffffffffffffffff
Hydrobates pelagicus British Storm-Petrael,Hydrobates pelagicus Bffffffffffffffffffff
Hydrobates pelagicus British Storm-Petrael,Hydrobates pelagicus fffffffffffffffffffff
Hydrobates pelagicus British Storm-Petrael,Hydrobates pelagicusffffffffffffffffffffff
Hydrobates pelagicus British Storm-Petrael,Hydrobates pelagicufffffffffffffffffffffff
Hydrobates pelagicus British Storm-Petrael,Hydrobates pelagicffffffffffffffffffffffff
Hydrobates pelagicus British Storm-Petrael,Hydrobates pelagifffffffffffffffffffffffff
Hydrobates pelagicus British Storm-Petrael,Hydrobates pelagffffffffffffffffffffffffff
Hydrobates pelagicus British Storm-Petrael,Hydrobates pelafffffffffffffffffffffffffff
Hydrobates pelagicus British Storm-Petrael,Hydrobates pelffffffffffffffffffffffffffff
Hydrobates pelagicus British Storm-Petrael,Hydrobates pefffffffffffffffffffffffffffff
Hydrobates pelagicus British Storm-Petrael,Hydrobates pffffffffffffffffffffffffffffff
Hydrobates pelagicus British Storm-Petrael,Hydrobates fffffffffffffffffffffffffffffff
Hydrobates pelagicus British Storm-Petrael,Hydrobatesffffffffffffffffffffffffffffffff
Hydrobates pelagicus British Storm-Petrael,Hydrobatefffffffffffffffffffffffffffffffff
Hydrobates pelagicus British Storm-Petrael,Hydrobatffffffffffffffffffffffffffffffffff
Hydrobates pelagicus British Storm-Petrael,Hydrobafffffffffffffffffffffffffffffffffff
Hydrobates pelagicus British Storm-Petrael,Hydrobffffffffffffffffffffffffffffffffffff
Hydrobates pelagicus British Storm-Petrael,Hydrofffffffffffffffffffffffffffffffffffff
Hydrobates pelagicus British Storm-Petrael,Hydrffffffffffffffffffffffffffffffffffffff
Hydrobates pelagicus British Storm-Petrael,Hydfffffffffffffffffffffffffffffffffffffff
Hydrobates pelagicus British Storm-Petrael,Hyffffffffffffffffffffffffffffffffffffffff
Hydrobates pelagicus British Storm-Petrael,Hfffffffffffffffffffffffffffffffffffffffff
Hydrobates pelagicus British Storm-Petrael,ffffffffffffffffffffffffffffffffffffffffff
Limicola falcinellus Broad-billed Sandpiper,Limicola falcinellus Broad-billed Sandpipeg
Limicola falcinellus Broad-billed Sandpiper,Limicola falcinellus Broad-billed Sandpipgg
Limicola falcinellus Broad-billed Sandpiper,Limicola falcinellus Broad-billed Sandpiggg
Limicola falcinellus Broad-billed Sandpiper,Limicola falcinellus Broad-billed Sandpgggg
Limicola falcinellus Broad-billed Sandpiper,Limicola falcinellus Broad-billed Sandggggg
Limicola falcinellus Broad-billed Sandpiper,Limicola falcinellus Broad-billed Sangggggg
Limicola falcinellus Broad-billed Sandpiper,Limicola falcinellus Broad-billed Saggggggg
Limicola falcinellus Broad-billed Sandpiper,Limicola falcinellus Broad-billed Sgggggggg
Limicola falcinellus Broad-billed Sandpiper,Limicola falcinellus Broad-billed ggggggggg
Limicola falcinellus Broad-billed Sandpiper,Limicola falcinellus Broad-billedgggggggggg
Limicola falcinellus Broad-billed Sandpiper,Limicola falcinellus Broad-billeggggggggggg
Limicola falcinellus Broad-billed Sandpiper,Limicola falcinellus Broad-billgggggggggggg
Limicola falcinellus Broad-billed Sandpiper,Limicola falcinellus Broad-bilggggggggggggg
Limicola falcinellus Broad-billed Sandpiper,Limicola falcinellus Broad-bigggggggggggggg
Limicola falcinellus Broad-billed Sandpiper,Limicola falcinellus Broad-bggggggggggggggg
Limicola falcinellus Broad-billed Sandpiper,Limicola falcinellus Broad-gggggggggggggggg
Limicola falcinellus Broad-billed Sandpiper,Limicola falcinellus Broadggggggggggggggggg
Limicola falcinellus Broad-billed Sandpiper,Limicola falcinellus Broagggggggggggggggggg
Limicola falcinellus Broad-billed Sandpiper,Limicola falcinellus Broggggggggggggggggggg
Limicola falcinellus Broad-billed Sandpiper,Limicola falcinellus Brgggggggggggggggggggg
Limicola falcinellus Broad-billed Sandpiper,Limicola falcinellus Bggggggggggggggggggggg
Limicola falcinellus Broad-billed Sandpiper,Limicola falcinellus gggggggggggggggggggggg
Limicola falcinellus Broad-billed Sandpiper,Limicola falcinellusggggggggggggggggggggggg
Limicola falcinellus Broad-billed Sandpiper,Limicola falcinellugggggggggggggggggggggggg
Limicola falcinellus Broad-billed Sandpiper,Limicola falcinellggggggggggggggggggggggggg
Limicola falcinellus Broad-billed Sandpiper,Limicola falcinelgggggggggggggggggggggggggg
Limicola falcinellus Broad-billed Sandpiper,Limicola falcineggggggggggggggggggggggggggg
Limicola falcinellus Broad-billed Sandpiper,Limicola falcingggggggggggggggggggggggggggg
Limicola falcinellus Broad-billed Sandpiper,Limicola falciggggggggggggggggggggggggggggg
Limicola falcinellus Broad-billed Sandpiper,Limicola falcgggggggggggggggggggggggggggggg
Limicola falcinellus Broad-billed Sandpiper,Limicola falggggggggggggggggggggggggggggggg
Limicola falcinellus Broad-billed Sandpiper,Limicola fagggggggggggggggggggggggggggggggg
Limicola falcinellus Broad-billed Sandpiper,Limicola fggggggggggggggggggggggggggggggggg
Limicola falcinellus Broad-billed Sandpiper,Limicola gggggggggggggggggggggggggggggggggg
Limicola falcinellus Broad-billed Sandpiper,Limicolaggggggggggggggggggggggggggggggggggg
Limicola falcinellus Broad-billed Sandpiper,Limicolgggggggggggggggggggggggggggggggggggg
Limicola falcinellus Broad-billed Sandpiper,Limicoggggggggggggggggggggggggggggggggggggg
Limicola falcinellus Broad-billed Sandpiper,Limicgggggggggggggggggggggggggggggggggggggg
Limicola falcinellus Broad-billed Sandpiper,Limiggggggggggggggggggggggggggggggggggggggg
Limicola falcinellus Broad-billed Sandpiper,Limgggggggggggggggggggggggggggggggggggggggg
Limicola falcinellus Broad-billed Sandpiper,Liggggggggggggggggggggggggggggggggggggggggg
Limicola falcinellus Broad-billed Sandpiper,Lgggggggggggggggggggggggggggggggggggggggggg
Limicola falcinellus Broad-billed Sandpiper,ggggggggggggggggggggggggggggggggggggggggggg
Caloniectris leucoimelas Streaked Shearwater,Caloniectris leucoimelas Streaked Shearwateb
Caloniectris leucoimelas Streaked Shearwater,Caloniectris leucoimelas Streaked Shearwatbb
Caloniectris leucoimelas Streaked Shearwater,Caloniectris leucoimelas Streaked Shearwabbb
Caloniectris leucoimelas Streaked Shearwater,Caloniectris leucoimelas Streaked Shearwbbbb
Caloniectris leucoimelas Streaked Shearwater,Caloniectris leucoimelas Streaked Shearbbbbb
Caloniectris leucoimelas Streaked Shearwater,Caloniectris leucoimelas Streaked Sheabbbbbb
Caloniectris leucoimelas Streaked Shearwater,Caloniectris leucoimelas Streaked Shebbbbbbb
Caloniectris leucoimelas Streaked Shearwater,Caloniectris leucoimelas Streaked Shbbbbbbbb
Caloniectris leucoimelas Streaked Shearwater,Caloniectris leucoimelas Streaked Sbbbbbbbbb
Caloniectris leucoimelas Streaked Shearwater,Caloniectris leucoimelas Streaked bbbbbbbbbb
Caloniectris leucoimelas Streaked Shearwater,Caloniectris leucoimelas Streakedbbbbbbbbbbb
Caloniectris leucoimelas Streaked Shearwater,Caloniectris leucoimelas Streakebbbbbbbbbbbb
Caloniectris leucoimelas Streaked Shearwater,Caloniectris leucoimelas Streakbbbbbbbbbbbbb
Caloniectris leucoimelas Streaked Shearwater,Caloniectris leucoimelas Streabbbbbbbbbbbbbb
Caloniectris leucoimelas Streaked Shearwater,Caloniectris leucoimelas Strebbbbbbbbbbbbbbb
Caloniectris leucoimelas Streaked Shearwater,Caloniectris leucoimelas Strbbbbbbbbbbbbbbbb
Caloniectris leucoimelas Streaked Shearwater,Caloniectris leucoimelas Stbbbbbbbbbbbbbbbbb
Caloniectris leucoimelas Streaked Shearwater,Caloniectris leucoimelas Sbbbbbbbbbbbbbbbbbb
Caloniectris leucoimelas Streaked Shearwater,Caloniectris leucoimelas bbbbbbbbbbbbbbbbbbb
Caloniectris leucoimelas Streaked Shearwater,Caloniectris leucoimelasbbbbbbbbbbbbbbbbbbbb
Caloniectris leucoimelas Streaked Shearwater,Caloniectris leucoimelabbbbbbbbbbbbbbbbbbbbb
Caloniectris leucoimelas Streaked Shearwater,Caloniectris leucoimelbbbbbbbbbbbbbbbbbbbbbb
Caloniectris leucoimelas Streaked Shearwater,Caloniectris leucoimebbbbbbbbbbbbbbbbbbbbbbb
Caloniectris leucoimelas Streaked Shearwater,Caloniectris leucoimbbbbbbbbbbbbbbbbbbbbbbbb
Caloniectris leucoimelas Streaked Shearwater,Caloniectris leucoibbbbbbbbbbbbbbbbbbbbbbbbb
Caloniectris leucoimelas Streaked Shearwater,Caloniectris leucobbbbbbbbbbbbbbbbbbbbbbbbbb
Caloniectris leucoimelas Streaked Shearwater,Caloniectris leucbbbbbbbbbbbbbbbbbbbbbbbbbbb
Caloniectris leucoimelas Streaked Shearwater,Caloniectris leubbbbbbbbbbbbbbbbbbbbbbbbbbbb
Caloniectris leucoimelas Streaked Shearwater,Caloniectris lebbbbbbbbbbbbbbbbbbbbbbbbbbbbb
Caloniectris leucoimelas Streaked Shearwater,Caloniectris lbbbbbbbbbbbbbbbbbbbbbbbbbbbbbb
Caloniectris leucoimelas Streaked Shearwater,Caloniectris bbbbbbbbbbbbbbbbbbbbbbbbbbbbbbb
Caloniectris leucoimelas Streaked Shearwater,Caloniectrisbbbbbbbbbbbbbbbbbbbbbbbbbbbbbbbb
Caloniectris leucoimelas Streaked Shearwater,Caloniectribbbbbbbbbbbbbbbbbbbbbbbbbbbbbbbbb
Caloniectris leucoimelas Streaked Shearwater,Caloniectrbbbbbbbbbbbbbbbbbbbbbbbbbbbbbbbbbb
Caloniectris leucoimelas Streaked Shearwater,Caloniectbbbbbbbbbbbbbbbbbbbbbbbbbbbbbbbbbbb
Caloniectris leucoimelas Streaked Shearwater,Caloniecbbbbbbbbbbbbbbbbbbbbbbbbbbbbbbbbbbbb
Caloniectris leucoimelas Streaked Shearwater,Caloniebbbbbbbbbbbbbbbbbbbbbbbbbbbbbbbbbbbbb
Caloniectris leucoimelas Streaked Shearwater,Calonibbbbbbbbbbbbbbbbbbbbbbbbbbbbbbbbbbbbbb
Caloniectris leucoimelas Streaked Shearwater,Calonbbbbbbbbbbbbbbbbbbbbbbbbbbbbbbbbbbbbbbb
Caloniectris leucoimelas Streaked Shearwater,Calobbbbbbbbbbbbbbbbbbbbbbbbbbbbbbbbbbbbbbbb
Caloniectris leucoimelas Streaked Shearwater,Calbbbbbbbbbbbbbbbbbbbbbbbbbbbbbbbbbbbbbbbbb
Caloniectris leucoimelas Streaked Shearwater,Cabbbbbbbbbbbbbbbbbbbbbbbbbbbbbbbbbbbbbbbbbb
Caloniectris leucoimelas Streaked Shearwater,Cbbbbbbbbbbbbbbbbbbbbbbbbbbbbbbbbbbbbbbbbbbb
Caloniectris leucoimelas Streaked Shearwater,bbbbbbbbbbbbbbbbbbbbbbbbbbbbbbbbbbbbbbbbbbbb
Phalacrocorax penicillatus Brandt's Cormorant,Phalacrocorax penicillatus Brandt's Cormoranb
Phalacrocorax penicillatus Brandt's Cormorant,Phalacrocorax penicillatus Brandt's Cormorabb
Phalacrocorax penicillatus Brandt's Cormorant,Phalacrocorax penicillatus Brandt's Cormorbbb
Phalacrocorax penicillatus Brandt's Cormorant,Phalacrocorax penicillatus Brandt's Cormobbbb
Phalacrocorax penicillatus Brandt's Cormorant,Phalacrocorax penicillatus Brandt's Cormbbbbb
Phalacrocorax penicillatus Brandt's Cormorant,Phalacrocorax penicillatus Brandt's Corbbbbbb
Phalacrocorax penicillatus Brandt's Cormorant,Phalacrocorax penicillatus Brandt's Cobbbbbbb
Phalacrocorax penicillatus Brandt's Cormorant,Phalacrocorax penicillatus Brandt's Cbbbbbbbb
Phalacrocorax penicillatus Brandt's Cormorant,Phalacrocorax penicillatus Brandt's bbbbbbbbb
Phalacrocorax penicillatus Brandt's Cormorant,Phalacrocorax penicillatus Brandt'sbbbbbbbbbb
Phalacrocorax penicillatus Brandt's Cormorant,Phalacrocorax penicillatus Brandt'bbbbbbbbbbb
Phalacrocorax penicillatus Brandt's Cormorant,Phalacrocorax penicillatus Brandtbbbbbbbbbbbb
Phalacrocorax penicillatus Brandt's Cormorant,Phalacrocorax penicillatus Brandbbbbbbbbbbbbb
Phalacrocorax penicillatus Brandt's Cormorant,Phalacrocorax penicillatus Branbbbbbbbbbbbbbb
Phalacrocorax penicillatus Brandt's Cormorant,Phalacrocorax penicillatus Brabbbbbbbbbbbbbbb
Phalacrocorax penicillatus Brandt's Cormorant,Phalacrocorax penicillatus Brbbbbbbbbbbbbbbbb
Phalacrocorax penicillatus Brandt's Cormorant,Phalacrocorax penicillatus Bbbbbbbbbbbbbbbbbb
Phalacrocorax penicillatus Brandt's Cormorant,Phalacrocorax penicillatus bbbbbbbbbbbbbbbbbb
Phalacrocorax penicillatus Brandt's Cormorant,Phalacrocorax penicillatusbbbbbbbbbbbbbbbbbbb
Phalacrocorax penicillatus Brandt's Cormorant,Phalacrocorax penicillatubbbbbbbbbbbbbbbbbbbb
Phalacrocorax penicillatus Brandt's Cormorant,Phalacrocorax penicillatbbbbbbbbbbbbbbbbbbbbb
Phalacrocorax penicillatus Brandt's Cormorant,Phalacrocorax penicillabbbbbbbbbbbbbbbbbbbbbb
Phalacrocorax penicillatus Brandt's Cormorant,Phalacrocorax penicillbbbbbbbbbbbbbbbbbbbbbbb
Phalacrocorax penicillatus Brandt's Cormorant,Phalacrocorax penicilbbbbbbbbbbbbbbbbbbbbbbbb
Phalacrocorax penicillatus Brandt's Cormorant,Phalacrocorax penicibbbbbbbbbbbbbbbbbbbbbbbbb
Phalacrocorax penicillatus Brandt's Cormorant,Phalacrocorax penicbbbbbbbbbbbbbbbbbbbbbbbbbb
Phalacrocorax penicillatus Brandt's Cormorant,Phalacrocorax penibbbbbbbbbbbbbbbbbbbbbbbbbbb
Phalacrocorax penicillatus Brandt's Cormorant,Phalacrocorax penbbbbbbbbbbbbbbbbbbbbbbbbbbbb
Phalacrocorax penicillatus Brandt's Cormorant,Phalacrocorax pebbbbbbbbbbbbbbbbbbbbbbbbbbbbb
Phalacrocorax penicillatus Brandt's Cormorant,Phalacrocorax pbbbbbbbbbbbbbbbbbbbbbbbbbbbbbb
Phalacrocorax penicillatus Brandt's Cormorant,Phalacrocorax bbbbbbbbbbbbbbbbbbbbbbbbbbbbbbb
Phalacrocorax penicillatus Brandt's Cormorant,Phalacrocoraxbbbbbbbbbbbbbbbbbbbbbbbbbbbbbbbb
Phalacrocorax penicillatus Brandt's Cormorant,Phalacrocorabbbbbbbbbbbbbbbbbbbbbbbbbbbbbbbbb
Phalacrocorax penicillatus Brandt's Cormorant,Phalacrocorbbbbbbbbbbbbbbbbbbbbbbbbbbbbbbbbbb
Phalacrocorax penicillatus Brandt's Cormorant,Phalacrocobbbbbbbbbbbbbbbbbbbbbbbbbbbbbbbbbbb
Phalacrocorax penicillatus Brandt's Cormorant,Phalacrocbbbbbbbbbbbbbbbbbbbbbbbbbbbbbbbbbbbb
Phalacrocorax penicillatus Brandt's Cormorant,Phalacrobbbbbbbbbbbbbbbbbbbbbbbbbbbbbbbbbbbbb
Phalacrocorax penicillatus Brandt's Cormorant,Phalacrbbbbbbbbbbbbbbbbbbbbbbbbbbbbbbbbbbbbbb
Phalacrocorax penicillatus Brandt's Cormorant,Phalacbbbbbbbbbbbbbbbbbbbbbbbbbbbbbbbbbbbbbbb
Phalacrocorax penicillatus Brandt's Cormorant,Phalabbbbbbbbbbbbbbbbbbbbbbbbbbbbbbbbbbbbbbbb
Phalacrocorax penicillatus Brandt's Cormorant,Phalbbbbbbbbbbbbbbbbbbbbbbbbbbbbbbbbbbbbbbbbb
Phalacrocorax penicillatus Brandt's Cormorant,Phabbbbbbbbbbbbbbbbbbbbbbbbbbbbbbbbbbbbbbbbbb
Phalacrocorax penicillatus Brandt's Cormorant,Phbbbbbbbbbbbbbbbbbbbbbbbbbbbbbbbbbbbbbbbbbbb
Phalacrocorax penicillatus Brandt's Cormorant,Pbbbbbbbbbbbbbbbbbbbbbbbbbbbbbbbbbbbbbbbbbbbb
Phalacrocorax penicillatus Brandt's Cormorant,bbbbbbbbbbbbbbbbbbbbbbbbbbbbbbbbbbbbbbbbbbbbb
Lampornis clemenciae Blue-throated Hummingbird,Lampornis clemenciae Blue-throated Hummingbirf
Lampornis clemenciae Blue-throated Hummingbird,Lampornis clemenciae Blue-throated Hummingbiff
Lampornis clemenciae Blue-throated Hummingbird,Lampornis clemenciae Blue-throated Hummingbfff
Lampornis clemenciae Blue-throated Hummingbird,Lampornis clemenciae Blue-throated Hummingffff
Lampornis clemenciae Blue-throated Hummingbird,Lampornis clemenciae Blue-throated Humminfffff
Lampornis clemenciae Blue-throated Hummingbird,Lampornis clemenciae Blue-throated Hummiffffff
Lampornis clemenciae Blue-throated Hummingbird,Lampornis clemenciae Blue-throated Hummfffffff
Lampornis clemenciae Blue-throated Hummingbird,Lampornis clemenciae Blue-throated Humffffffff
Lampornis clemenciae Blue-throated Hummingbird,Lampornis clemenciae Blue-throated Hufffffffff
Lampornis clemenciae Blue-throated Hummingbird,Lampornis clemenciae Blue-throated Hffffffffff
Lampornis clemenciae Blue-throated Hummingbird,Lampornis clemenciae Blue-throated fffffffffff
Lampornis clemenciae Blue-throated Hummingbird,Lampornis clemenciae Blue-throatedffffffffffff
Lampornis clemenciae Blue-throated Hummingbird,Lampornis clemenciae Blue-throatefffffffffffff
Lampornis clemenciae Blue-throated Hummingbird,Lampornis clemenciae Blue-throatffffffffffffff
Lampornis clemenciae Blue-throated Hummingbird,Lampornis clemenciae Blue-throafffffffffffffff
Lampornis clemenciae Blue-throated Hummingbird,Lampornis clemenciae Blue-throffffffffffffffff
Lampornis clemenciae Blue-throated Hummingbird,Lampornis clemenciae Blue-thrfffffffffffffffff
Lampornis clemenciae Blue-throated Hummingbird,Lampornis clemenciae Blue-thffffffffffffffffff
Lampornis clemenciae Blue-throated Hummingbird,Lampornis clemenciae Blue-tfffffffffffffffffff
Lampornis clemenciae Blue-throated Hummingbird,Lampornis clemenciae Blue-ffffffffffffffffffff
Lampornis clemenciae Blue-throated Hummingbird,Lampornis clemenciae Bluefffffffffffffffffffff
Lampornis clemenciae Blue-throated Hummingbird,Lampornis clemenciae Bluffffffffffffffffffffff
Lampornis clemenciae Blue-throated Hummingbird,Lampornis clemenciae Blfffffffffffffffffffffff
Lampornis clemenciae Blue-throated Hummingbird,Lampornis clemenciae Bffffffffffffffffffffffff
Lampornis clemenciae Blue-throated Hummingbird,Lampornis clemenciae fffffffffffffffffffffffff
Lampornis clemenciae Blue-throated Hummingbird,Lampornis clemenciaeffffffffffffffffffffffffff
Lampornis clemenciae Blue-throated Hummingbird,Lampornis clemenciafffffffffffffffffffffffffff
Lampornis clemenciae Blue-throated Hummingbird,Lampornis clemenciffffffffffffffffffffffffffff
Lampornis clemenciae Blue-throated Hummingbird,Lampornis clemencfffffffffffffffffffffffffffff
Lampornis clemenciae Blue-throated Hummingbird,Lampornis clemenffffffffffffffffffffffffffffff
Lampornis clemenciae Blue-throated Hummingbird,Lampornis clemefffffffffffffffffffffffffffffff
Lampornis clemenciae Blue-throated Hummingbird,Lampornis clemffffffffffffffffffffffffffffffff
Lampornis clemenciae Blue-throated Hummingbird,Lampornis clefffffffffffffffffffffffffffffffff
Lampornis clemenciae Blue-throated Hummingbird,Lampornis clffffffffffffffffffffffffffffffffff
Lampornis clemenciae Blue-throated Hummingbird,Lampornis cfffffffffffffffffffffffffffffffffff
Lampornis clemenciae Blue-throated Hummingbird,Lampornis ffffffffffffffffffffffffffffffffffff
Lampornis clemenciae Blue-throated Hummingbird,Lampornisfffffffffffffffffffffffffffffffffffff
Lampornis clemenciae Blue-throated Hummingbird,Lamporniffffffffffffffffffffffffffffffffffffff
Lampornis clemenciae Blue-throated Hummingbird,Lampornfffffffffffffffffffffffffffffffffffffff
Lampornis clemenciae Blue-throated Hummingbird,Lamporffffffffffffffffffffffffffffffffffffffff
Lampornis clemenciae Blue-throated Hummingbird,Lampofffffffffffffffffffffffffffffffffffffffff
Lampornis clemenciae Blue-throated Hummingbird,Lampffffffffffffffffffffffffffffffffffffffffff
Lampornis clemenciae Blue-throated Hummingbird,Lamfffffffffffffffffffffffffffffffffffffffffff
Lampornis clemenciae Blue-throated Hummingbird,Laffffffffffffffffffffffffffffffffffffffffffff
Lampornis clemenciae Blue-throated Hummingbird,Lfffffffffffffffffffffffffffffffffffffffffffff
Lampornis clemenciae Blue-throated Hummingbird,ffffffffffffffffffffffffffffffffffffffffffffff
Cynanthus latiroistris Broad-billed Hummingbird,Cynanthus latiroistris Broad-billed Hummingbirc
Cynanthus latiroistris Broad-billed Hummingbird,Cynanthus latiroistris Broad-billed Hummingbicc
Cynanthus latiroistris Broad-billed Hummingbird,Cynanthus latiroistris Broad-billed Hummingbccc
Cynanthus latiroistris Broad-billed Hummingbird,Cynanthus latiroistris Broad-billed Hummingcccc
Cynanthus latiroistris Broad-billed Hummingbird,Cynanthus latiroistris Broad-billed Humminccccc
Cynanthus latiroistris Broad-billed Hummingbird,Cynanthus latiroistris Broad-billed Hummicccccc
Cynanthus latiroistris Broad-billed Hummingbird,Cynanthus latiroistris Broad-billed Hummccccccc
Cynanthus latiroistris Broad-billed Hummingbird,Cynanthus latiroistris Broad-billed Humcccccccc
Cynanthus latiroistris Broad-billed Hummingbird,Cynanthus latiroistris Broad-billed Huccccccccc
Cynanthus latiroistris Broad-billed Hummingbird,Cynanthus latiroistris Broad-billed Hcccccccccc
Cynanthus latiroistris Broad-billed Hummingbird,Cynanthus latiroistris Broad-billed ccccccccccc
Cynanthus latiroistris Broad-billed Hummingbird,Cynanthus latiroistris Broad-billedcccccccccccc
Cynanthus latiroistris Broad-billed Hummingbird,Cynanthus latiroistris Broad-billeccccccccccccc
Cynanthus latiroistris Broad-billed Hummingbird,Cynanthus latiroistris Broad-billcccccccccccccc
Cynanthus latiroistris Broad-billed Hummingbird,Cynanthus latiroistris Broad-bilccccccccccccccc
Cynanthus latiroistris Broad-billed Hummingbird,Cynanthus latiroistris Broad-bicccccccccccccccc
Cynanthus latiroistris Broad-billed Hummingbird,Cynanthus latiroistris Broad-bccccccccccccccccc
Cynanthus latiroistris Broad-billed Hummingbird,Cynanthus latiroistris Broad-cccccccccccccccccc
Cynanthus latiroistris Broad-billed Hummingbird,Cynanthus latiroistris Broadccccccccccccccccccc
Cynanthus latiroistris Broad-billed Hummingbird,Cynanthus latiroistris Broacccccccccccccccccccc
Cynanthus latiroistris Broad-billed Hummingbird,Cynanthus latiroistris Broccccccccccccccccccccc
Cynanthus latiroistris Broad-billed Hummingbird,Cynanthus latiroistris Brcccccccccccccccccccccc
Cynanthus latiroistris Broad-billed Hummingbird,Cynanthus latiroistris Bccccccccccccccccccccccc
Cynanthus latiroistris Broad-billed Hummingbird,Cynanthus latiroistris cccccccccccccccccccccccc
Cynanthus latiroistris Broad-billed Hummingbird,Cynanthus latiroistrisccccccccccccccccccccccccc
Cynanthus latiroistris Broad-billed Hummingbird,Cynanthus latiroistricccccccccccccccccccccccccc
Cynanthus latiroistris Broad-billed Hummingbird,Cynanthus latiroistrccccccccccccccccccccccccccc
Cynanthus latiroistris Broad-billed Hummingbird,Cynanthus latiroistcccccccccccccccccccccccccccc
Cynanthus latiroistris Broad-billed Hummingbird,Cynanthus latiroisccccccccccccccccccccccccccccc
Cynanthus latiroistris Broad-billed Hummingbird,Cynanthus latiroicccccccccccccccccccccccccccccc
Cynanthus latiroistris Broad-billed Hummingbird,Cynanthus latiroccccccccccccccccccccccccccccccc
Cynanthus latiroistris Broad-billed Hummingbird,Cynanthus latircccccccccccccccccccccccccccccccc
Cynanthus latiroistris Broad-billed Hummingbird,Cynanthus laticcccccccccccccccccccccccccccccccc
Cynanthus latiroistris Broad-billed Hummingbird,Cynanthus latcccccccccccccccccccccccccccccccccc
Cynanthus latiroistris Broad-billed Hummingbird,Cynanthus laccccccccccccccccccccccccccccccccccc
Cynanthus latiroistris Broad-billed Hummingbird,Cynanthus lcccccccccccccccccccccccccccccccccccc
Cynanthus latiroistris Broad-billed Hummingbird,Cynanthus ccccccccccccccccccccccccccccccccccccc
Cynanthus latiroistris Broad-billed Hummingbird,Cynanthuscccccccccccccccccccccccccccccccccccccc
Cynanthus latiroistris Broad-billed Hummingbird,Cynanthuccccccccccccccccccccccccccccccccccccccc
Cynanthus latiroistris Broad-billed Hummingbird,Cynanthcccccccccccccccccccccccccccccccccccccccc
Cynanthus latiroistris Broad-billed Hummingbird,Cynantccccccccccccccccccccccccccccccccccccccccc
Cynanthus latiroistris Broad-billed Hummingbird,Cynancccccccccccccccccccccccccccccccccccccccccc
Cynanthus latiroistris Broad-billed Hummingbird,Cynaccccccccccccccccccccccccccccccccccccccccccc
Cynanthus latiroistris Broad-billed Hummingbird,Cyncccccccccccccccccccccccccccccccccccccccccccc
Cynanthus latiroistris Broad-billed Hummingbird,Cyccccccccccccccccccccccccccccccccccccccccccccc
Cynanthus latiroistris Broad-billed Hummingbird,Ccccccccccccccccccccccccccccccccccccccccccccccc
Cynanthus latiroistris Broad-billed Hummingbird,ccccccccccccccccccccccccccccccccccccccccccccccc
Selasphorus platycercus Broad-tailed Hummingbird,Selasphorus platycercus Broad-tailed Hummingbirf
Selasphorus platycercus Broad-tailed Hummingbird,Selasphorus platycercus Broad-tailed Hummingbiff
Selasphorus platycercus Broad-tailed Hummingbird,Selasphorus platycercus Broad-tailed Hummingbfff
Selasphorus platycercus Broad-tailed Hummingbird,Selasphorus platycercus Broad-tailed Hummingffff
Selasphorus platycercus Broad-tailed Hummingbird,Selasphorus platycercus Broad-tailed Humminfffff
Selasphorus platycercus Broad-tailed Hummingbird,Selasphorus platycercus Broad-tailed Hummiffffff
Selasphorus platycercus Broad-tailed Hummingbird,Selasphorus platycercus Broad-tailed Hummfffffff
Selasphorus platycercus Broad-tailed Hummingbird,Selasphorus platycercus Broad-tailed Humffffffff
Selasphorus platycercus Broad-tailed Hummingbird,Selasphorus platycercus Broad-tailed Hufffffffff
Selasphorus platycercus Broad-tailed Hummingbird,Selasphorus platycercus Broad-tailed Hffffffffff
Selasphorus platycercus Broad-tailed Hummingbird,Selasphorus platycercus Broad-tailed fffffffffff
Selasphorus platycercus Broad-tailed Hummingbird,Selasphorus platycercus Broad-tailedffffffffffff
Selasphorus platycercus Broad-tailed Hummingbird,Selasphorus platycercus Broad-tailefffffffffffff
Selasphorus platycercus Broad-tailed Hummingbird,Selasphorus platycercus Broad-tailffffffffffffff
Selasphorus platycercus Broad-tailed Hummingbird,Selasphorus platycercus Broad-taifffffffffffffff
Selasphorus platycercus Broad-tailed Hummingbird,Selasphorus platycercus Broad-taffffffffffffffff
Selasphorus platycercus Broad-tailed Hummingbird,Selasphorus platycercus Broad-tfffffffffffffffff
Selasphorus platycercus Broad-tailed Hummingbird,Selasphorus platycercus Broad-ffffffffffffffffff
Selasphorus platycercus Broad-tailed Hummingbird,Selasphorus platycercus Broadfffffffffffffffffff
Selasphorus platycercus Broad-tailed Hummingbird,Selasphorus platycercus Broaffffffffffffffffffff
Selasphorus platycercus Broad-tailed Hummingbird,Selasphorus platycercus Brofffffffffffffffffffff
Selasphorus platycercus Broad-tailed Hummingbird,Selasphorus platycercus Brffffffffffffffffffffff
Selasphorus platycercus Broad-tailed Hummingbird,Selasphorus platycercus Bfffffffffffffffffffffff
Selasphorus platycercus Broad-tailed Hummingbird,Selasphorus platycercus ffffffffffffffffffffffff
Selasphorus platycercus Broad-tailed Hummingbird,Selasphorus platycercusfffffffffffffffffffffffff
Selasphorus platycercus Broad-tailed Hummingbird,Selasphorus platycercuffffffffffffffffffffffffff
Selasphorus platycercus Broad-tailed Hummingbird,Selasphorus platycercfffffffffffffffffffffffffff
Selasphorus platycercus Broad-tailed Hummingbird,Selasphorus platycerffffffffffffffffffffffffffff
Selasphorus platycercus Broad-tailed Hummingbird,Selasphorus platycefffffffffffffffffffffffffffff
Selasphorus platycercus Broad-tailed Hummingbird,Selasphorus platycffffffffffffffffffffffffffffff
Selasphorus platycercus Broad-tailed Hummingbird,Selasphorus platyfffffffffffffffffffffffffffffff
Selasphorus platycercus Broad-tailed Hummingbird,Selasphorus platffffffffffffffffffffffffffffffff
Selasphorus platycercus Broad-tailed Hummingbird,Selasphorus plafffffffffffffffffffffffffffffffff
Selasphorus platycercus Broad-tailed Hummingbird,Selasphorus plffffffffffffffffffffffffffffffffff
Selasphorus platycercus Broad-tailed Hummingbird,Selasphorus pfffffffffffffffffffffffffffffffffff
Selasphorus platycercus Broad-tailed Hummingbird,Selasphorus ffffffffffffffffffffffffffffffffffff
Selasphorus platycercus Broad-tailed Hummingbird,Selasphorusfffffffffffffffffffffffffffffffffffff
Selasphorus platycercus Broad-tailed Hummingbird,Selasphoruffffffffffffffffffffffffffffffffffffff
Selasphorus platycercus Broad-tailed Hummingbird,Selasphorfffffffffffffffffffffffffffffffffffffff
Selasphorus platycercus Broad-tailed Hummingbird,Selasphoffffffffffffffffffffffffffffffffffffffff
Selasphorus platycercus Broad-tailed Hummingbird,Selasphfffffffffffffffffffffffffffffffffffffffff
Selasphorus platycercus Broad-tailed Hummingbird,Selaspffffffffffffffffffffffffffffffffffffffffff
Selasphorus platycercus Broad-tailed Hummingbird,Selasfffffffffffffffffffffffffffffffffffffffffff
Selasphorus platycercus Broad-tailed Hummingbird,Selaffffffffffffffffffffffffffffffffffffffffffff
Selasphorus platycercus Broad-tailed Hummingbird,Selfffffffffffffffffffffffffffffffffffffffffffff
Selasphorus platycercus Broad-tailed Hummingbird,Seffffffffffffffffffffffffffffffffffffffffffffff
Selasphorus platycercus Broad-tailed Hummingbird,Sfffffffffffffffffffffffffffffffffffffffffffffff
Selasphorus platycercus Broad-tailed Hummingbird,ffffffffffffffffffffffffffffffffffffffffffffffff
Amazilia yucataniensis Buff-beallied Hummingbeird,Amazilia yucataniensis Buff-beallied Hummingbeirh
Amazilia yucataniensis Buff-beallied Hummingbeird,Amazilia yucataniensis Buff-beallied Hummingbeihh
Amazilia yucataniensis Buff-beallied Hummingbeird,Amazilia yucataniensis Buff-beallied Hummingbehhh
Amazilia yucataniensis Buff-beallied Hummingbeird,Amazilia yucataniensis Buff-beallied Hummingbhhhh
Amazilia yucataniensis Buff-beallied Hummingbeird,Amazilia yucataniensis Buff-beallied Humminghhhhh
Amazilia yucataniensis Buff-beallied Hummingbeird,Amazilia yucataniensis Buff-beallied Humminhhhhhh
Amazilia yucataniensis Buff-beallied Hummingbeird,Amazilia yucataniensis Buff-beallied Hummihhhhhhh
Amazilia yucataniensis Buff-beallied Hummingbeird,Amazilia yucataniensis Buff-beallied Hummhhhhhhhh
Amazilia yucataniensis Buff-beallied Hummingbeird,Amazilia yucataniensis Buff-beallied Humhhhhhhhhh
Amazilia yucataniensis Buff-beallied Hummingbeird,Amazilia yucataniensis Buff-beallied Huhhhhhhhhhh
Amazilia yucataniensis Buff-beallied Hummingbeird,Amazilia yucataniensis Buff-beallied Hhhhhhhhhhhh
Amazilia yucataniensis Buff-beallied Hummingbeird,Amazilia yucataniensis Buff-beallied hhhhhhhhhhhh
Amazilia yucataniensis Buff-beallied Hummingbeird,Amazilia yucataniensis Buff-bealliedhhhhhhhhhhhhh
Amazilia yucataniensis Buff-beallied Hummingbeird,Amazilia yucataniensis Buff-bealliehhhhhhhhhhhhhh
Amazilia yucataniensis Buff-beallied Hummingbeird,Amazilia yucataniensis Buff-beallihhhhhhhhhhhhhhh
Amazilia yucataniensis Buff-beallied Hummingbeird,Amazilia yucataniensis Buff-beallhhhhhhhhhhhhhhhh
Amazilia yucataniensis Buff-beallied Hummingbeird,Amazilia yucataniensis Buff-bealhhhhhhhhhhhhhhhhh
Amazilia yucataniensis Buff-beallied Hummingbeird,Amazilia yucataniensis Buff-beahhhhhhhhhhhhhhhhhh
Amazilia yucataniensis Buff-beallied Hummingbeird,Amazilia yucataniensis Buff-behhhhhhhhhhhhhhhhhhh
Amazilia yucataniensis Buff-beallied Hummingbeird,Amazilia yucataniensis Buff-bhhhhhhhhhhhhhhhhhhhh
Amazilia yucataniensis Buff-beallied Hummingbeird,Amazilia yucataniensis Buff-hhhhhhhhhhhhhhhhhhhhh
Amazilia yucataniensis Buff-beallied Hummingbeird,Amazilia yucataniensis Buffhhhhhhhhhhhhhhhhhhhhhh
Amazilia yucataniensis Buff-beallied Hummingbeird,Amazilia yucataniensis Bufhhhhhhhhhhhhhhhhhhhhhhh
Amazilia yucataniensis Buff-beallied Hummingbeird,Amazilia yucataniensis Buhhhhhhhhhhhhhhhhhhhhhhhh
Amazilia yucataniensis Buff-beallied Hummingbeird,Amazilia yucataniensis Bhhhhhhhhhhhhhhhhhhhhhhhhh
Amazilia yucataniensis Buff-beallied Hummingbeird,Amazilia yucataniensis hhhhhhhhhhhhhhhhhhhhhhhhhh
Amazilia yucataniensis Buff-beallied Hummingbeird,Amazilia yucataniensishhhhhhhhhhhhhhhhhhhhhhhhhhh
Amazilia yucataniensis Buff-beallied Hummingbeird,Amazilia yucataniensihhhhhhhhhhhhhhhhhhhhhhhhhhhh
Amazilia yucataniensis Buff-beallied Hummingbeird,Amazilia yucatanienshhhhhhhhhhhhhhhhhhhhhhhhhhhhh
Amazilia yucataniensis Buff-beallied Hummingbeird,Amazilia yucatanienhhhhhhhhhhhhhhhhhhhhhhhhhhhhhh
Amazilia yucataniensis Buff-beallied Hummingbeird,Amazilia yucataniehhhhhhhhhhhhhhhhhhhhhhhhhhhhhhh
Amazilia yucataniensis Buff-beallied Hummingbeird,Amazilia yucatanihhhhhhhhhhhhhhhhhhhhhhhhhhhhhhhh
Amazilia yucataniensis Buff-beallied Hummingbeird,Amazilia yucatanhhhhhhhhhhhhhhhhhhhhhhhhhhhhhhhhh
Amazilia yucataniensis Buff-beallied Hummingbeird,Amazilia yucatahhhhhhhhhhhhhhhhhhhhhhhhhhhhhhhhhh
Amazilia yucataniensis Buff-beallied Hummingbeird,Amazilia yucathhhhhhhhhhhhhhhhhhhhhhhhhhhhhhhhhhh
Amazilia yucataniensis Buff-beallied Hummingbeird,Amazilia yucahhhhhhhhhhhhhhhhhhhhhhhhhhhhhhhhhhhh
Amazilia yucataniensis Buff-beallied Hummingbeird,Amazilia yuchhhhhhhhhhhhhhhhhhhhhhhhhhhhhhhhhhhhh
Amazilia yucataniensis Buff-beallied Hummingbeird,Amazilia yuhhhhhhhhhhhhhhhhhhhhhhhhhhhhhhhhhhhhhh
Amazilia yucataniensis Buff-beallied Hummingbeird,Amazilia yhhhhhhhhhhhhhhhhhhhhhhhhhhhhhhhhhhhhhhh
Amazilia yucataniensis Buff-beallied Hummingbeird,Amazilia hhhhhhhhhhhhhhhhhhhhhhhhhhhhhhhhhhhhhhhh
Amazilia yucataniensis Buff-beallied Hummingbeird,Amaziliahhhhhhhhhhhhhhhhhhhhhhhhhhhhhhhhhhhhhhhhh
Amazilia yucataniensis Buff-beallied Hummingbeird,Amazilihhhhhhhhhhhhhhhhhhhhhhhhhhhhhhhhhhhhhhhhhh
Amazilia yucataniensis Buff-beallied Hummingbeird,Amazilhhhhhhhhhhhhhhhhhhhhhhhhhhhhhhhhhhhhhhhhhhh
Amazilia yucataniensis Buff-beallied Hummingbeird,Amazihhhhhhhhhhhhhhhhhhhhhhhhhhhhhhhhhhhhhhhhhhhh
Amazilia yucataniensis Buff-beallied Hummingbeird,Amazhhhhhhhhhhhhhhhhhhhhhhhhhhhhhhhhhhhhhhhhhhhhh
Amazilia yucataniensis Buff-beallied Hummingbeird,Amahhhhhhhhhhhhhhhhhhhhhhhhhhhhhhhhhhhhhhhhhhhhhh
Amazilia yucataniensis Buff-beallied Hummingbeird,Amhhhhhhhhhhhhhhhhhhhhhhhhhhhhhhhhhhhhhhhhhhhhhhh
Amazilia yucataniensis Buff-beallied Hummingbeird,Ahhhhhhhhhhhhhhhhhhhhhhhhhhhhhhhhhhhhhhhhhhhhhhhh
Amazilia yucataniensis Buff-beallied Hummingbeird,hhhhhhhhhhhhhhhhhhhhhhhhhhhhhhhhhhhhhhhhhhhhhhhhh
Stelgidopteryx ruficollis Southern wienged Swallow,Stelgidopteryx ruficollis Southern wienged Swallob
Stelgidopteryx ruficollis Southern wienged Swallow,Stelgidopteryx ruficollis Southern wienged Swallbb
Stelgidopteryx ruficollis Southern wienged Swallow,Stelgidopteryx ruficollis Southern wienged Swalbbb
Stelgidopteryx ruficollis Southern wienged Swallow,Stelgidopteryx ruficollis Southern wienged Swabbbb
Stelgidopteryx ruficollis Southern wienged Swallow,Stelgidopteryx ruficollis Southern wienged Swbbbbb
Stelgidopteryx ruficollis Southern wienged Swallow,Stelgidopteryx ruficollis Southern wienged Sbbbbbb
Stelgidopteryx ruficollis Southern wienged Swallow,Stelgidopteryx ruficollis Southern wienged bbbbbbb
Stelgidopteryx ruficollis Southern wienged Swallow,Stelgidopteryx ruficollis Southern wiengedbbbbbbbb
Stelgidopteryx ruficollis Southern wienged Swallow,Stelgidopteryx ruficollis Southern wiengebbbbbbbbb
Stelgidopteryx ruficollis Southern wienged Swallow,Stelgidopteryx ruficollis Southern wiengbbbbbbbbbb
Stelgidopteryx ruficollis Southern wienged Swallow,Stelgidopteryx ruficollis Southern wienbbbbbbbbbbb
Stelgidopteryx ruficollis Southern wienged Swallow,Stelgidopteryx ruficollis Southern wiebbbbbbbbbbbb
Stelgidopteryx ruficollis Southern wienged Swallow,Stelgidopteryx ruficollis Southern wibbbbbbbbbbbbb
Stelgidopteryx ruficollis Southern wienged Swallow,Stelgidopteryx ruficollis Southern wbbbbbbbbbbbbbb
Stelgidopteryx ruficollis Southern wienged Swallow,Stelgidopteryx ruficollis Southern bbbbbbbbbbbbbbb
Stelgidopteryx ruficollis Southern wienged Swallow,Stelgidopteryx ruficollis Southernbbbbbbbbbbbbbbbb
Stelgidopteryx ruficollis Southern wienged Swallow,Stelgidopteryx ruficollis Southerbbbbbbbbbbbbbbbbb
Stelgidopteryx ruficollis Southern wienged Swallow,Stelgidopteryx ruficollis Southebbbbbbbbbbbbbbbbbb
Stelgidopteryx ruficollis Southern wienged Swallow,Stelgidopteryx ruficollis Southbbbbbbbbbbbbbbbbbbb
Stelgidopteryx ruficollis Southern wienged Swallow,Stelgidopteryx ruficollis Soutbbbbbbbbbbbbbbbbbbbb
Stelgidopteryx ruficollis Southern wienged Swallow,Stelgidopteryx ruficollis Soubbbbbbbbbbbbbbbbbbbbb
Stelgidopteryx ruficollis Southern wienged Swallow,Stelgidopteryx ruficollis Sobbbbbbbbbbbbbbbbbbbbbb
Stelgidopteryx ruficollis Southern wienged Swallow,Stelgidopteryx ruficollis Sbbbbbbbbbbbbbbbbbbbbbbb
Stelgidopteryx ruficollis Southern wienged Swallow,Stelgidopteryx ruficollis bbbbbbbbbbbbbbbbbbbbbbbb
Stelgidopteryx ruficollis Southern wienged Swallow,Stelgidopteryx ruficollisbbbbbbbbbbbbbbbbbbbbbbbbb
Stelgidopteryx ruficollis Southern wienged Swallow,Stelgidopteryx ruficollibbbbbbbbbbbbbbbbbbbbbbbbbb
Stelgidopteryx ruficollis Southern wienged Swallow,Stelgidopteryx ruficollbbbbbbbbbbbbbbbbbbbbbbbbbbb
Stelgidopteryx ruficollis Southern wienged Swallow,Stelgidopteryx ruficolbbbbbbbbbbbbbbbbbbbbbbbbbbbb
Stelgidopteryx ruficollis Southern wienged Swallow,Stelgidopteryx ruficobbbbbbbbbbbbbbbbbbbbbbbbbbbbb
Stelgidopteryx ruficollis Southern wienged Swallow,Stelgidopteryx ruficbbbbbbbbbbbbbbbbbbbbbbbbbbbbbb
Stelgidopteryx ruficollis Southern wienged Swallow,Stelgidopteryx rufibbbbbbbbbbbbbbbbbbbbbbbbbbbbbbb
Stelgidopteryx ruficollis Southern wienged Swallow,Stelgidopteryx rufbbbbbbbbbbbbbbbbbbbbbbbbbbbbbbbb
Stelgidopteryx ruficollis Southern wienged Swallow,Stelgidopteryx rubbbbbbbbbbbbbbbbbbbbbbbbbbbbbbbbb
Stelgidopteryx ruficollis Southern wienged Swallow,Stelgidopteryx rbbbbbbbbbbbbbbbbbbbbbbbbbbbbbbbbbb
Stelgidopteryx ruficollis Southern wienged Swallow,Stelgidopteryx bbbbbbbbbbbbbbbbbbbbbbbbbbbbbbbbbbb
Stelgidopteryx ruficollis Southern wienged Swallow,Stelgidopteryxbbbbbbbbbbbbbbbbbbbbbbbbbbbbbbbbbbbb
Stelgidopteryx ruficollis Southern wienged Swallow,Stelgidopterybbbbbbbbbbbbbbbbbbbbbbbbbbbbbbbbbbbbb
Stelgidopteryx ruficollis Southern wienged Swallow,Stelgidopterbbbbbbbbbbbbbbbbbbbbbbbbbbbbbbbbbbbbbb
Stelgidopteryx ruficollis Southern wienged Swallow,Stelgidoptebbbbbbbbbbbbbbbbbbbbbbbbbbbbbbbbbbbbbbb
Stelgidopteryx ruficollis Southern wienged Swallow,Stelgidoptbbbbbbbbbbbbbbbbbbbbbbbbbbbbbbbbbbbbbbbb
Stelgidopteryx ruficollis Southern wienged Swallow,Stelgidopbbbbbbbbbbbbbbbbbbbbbbbbbbbbbbbbbbbbbbbbb
Stelgidopteryx ruficollis Southern wienged Swallow,Stelgidobbbbbbbbbbbbbbbbbbbbbbbbbbbbbbbbbbbbbbbbbb
Stelgidopteryx ruficollis Southern wienged Swallow,Stelgidbbbbbbbbbbbbbbbbbbbbbbbbbbbbbbbbbbbbbbbbbbb
Stelgidopteryx ruficollis Southern wienged Swallow,Stelgibbbbbbbbbbbbbbbbbbbbbbbbbbbbbbbbbbbbbbbbbbbb
Stelgidopteryx ruficollis Southern wienged Swallow,Stelgbbbbbbbbbbbbbbbbbbbbbbbbbbbbbbbbbbbbbbbbbbbbb
Stelgidopteryx ruficollis Southern wienged Swallow,Stelbbbbbbbbbbbbbbbbbbbbbbbbbbbbbbbbbbbbbbbbbbbbbb
Stelgidopteryx ruficollis Southern wienged Swallow,Stebbbbbbbbbbbbbbbbbbbbbbbbbbbbbbbbbbbbbbbbbbbbbbb
Stelgidopteryx ruficollis Southern wienged Swallow,Stbbbbbbbbbbbbbbbbbbbbbbbbbbbbbbbbbbbbbbbbbbbbbbbb
Stelgidopteryx ruficollis Southern wienged Swallow,Sbbbbbbbbbbbbbbbbbbbbbbbbbbbbbbbbbbbbbbbbbbbbbbbbb
Stelgidopteryx ruficollis Southern wienged Swallow,bbbbbbbbbbbbbbbbbbbbbbbbbbbbbbbbbbbbbbbbbbbbbbbbbb
